site_id,year,rotation,term,estimate,std.error,statistic,p.value
gent,2000,cc,a,96.58383333333333,0.45463701526364453,212.44164045315196,2.299943491267149e-7
gent,2000,cc,b,0.8453839285714285,0.006288577102448367,134.4316710758449,9.075685703711698e-7
gent,2000,cc,xs,120.49710272881339,0.9805342886801983,122.88922898453944,1.1880255178459113e-6
gent,2000,cc,c,0.009783254222320471,0.005232572869020191,1.869683321610847,0.15830314118817218
gent,2001,cc,a,38.151,7.088465418827724,5.382124020619027,0.012563398754555814
gent,2001,cc,b,1.2582142857142855,0.17901078449497979,7.028706618229312,0.005916557881117406
gent,2001,cc,xs,105.19840401319475,11.868015525516439,8.86402649095094,0.0030271118667223734
gent,2001,cc,c,-0.080704601896448,0.04861411947001735,-1.6601062155660844,0.19547646048016593
gent,2002,cc,a,77.24366666666667,3.788354679014559,20.389766326409433,2.5792063469924696e-4
gent,2002,cc,b,0.8732321428571426,0.05240083779053692,16.66446911302704,4.704298052451257e-4
gent,2002,cc,xs,128.921594230553,7.802742339506259,16.52260046801839,4.825451608381766e-4
gent,2002,cc,c,0.0017273981675681683,0.043601469405525624,0.03961788882622508,0.9708868374363407
gent,2003,cc,a,49.474999999999994,1.4477254554330767,34.174297215213294,5.5085192879503315e-5
gent,2003,cc,b,1.2303035714285717,0.02002505920990305,61.43819893526937,9.500386498975655e-6
gent,2003,cc,xs,113.9929877752785,2.156013436609569,52.87211380024502,1.4901559543987072e-5
gent,2003,cc,c,0.010647698421459071,0.016662367307457522,0.6390267496199964,0.5682517859351441
gent,2004,cc,a,38.67916666666666,8.979963087037428,4.307274572486831,0.023036352896833423
gent,2004,cc,b,1.1237589285714287,0.12421159816304753,9.047133642836766,0.002852060709539439
gent,2004,cc,xs,137.25062603706525,14.433507939363105,9.509166213346857,0.0024661410353629897
gent,2004,cc,c,0.003567115575670468,0.10335346581225079,0.034513748984000184,0.9746354775036447
gent,2005,cc,a,41.785500000000006,2.8267733707868676,14.782048123075565,6.716726785881759e-4
gent,2005,cc,b,1.0020624999999999,0.03910016495914337,25.62808880850189,1.3030070681434945e-4
gent,2005,cc,xs,120.15372738910456,5.129739057032669,23.422970652742766,1.704913772045506e-4
gent,2005,cc,c,0.008653990506678462,0.03253430132227714,0.26599589218019676,0.8074756230560121
gent,2005,cs,a,79.69,10.217268799767778,7.799540323516909,0.004386739933926765
gent,2005,cs,b,1.3755357142857143,0.25802500191148336,5.3310171653737575,0.012900045986504242
gent,2005,cs,xs,76.44847401015106,11.817282578801594,6.469209270436504,0.00749490009035309
gent,2005,cs,c,-0.1334321003913307,0.0700720814366806,-1.90421202932161,0.15299529103366172
gent,2006,cc,a,102.721,0.009605369964205128,10694.122181945593,1.8031643286944742e-12
gent,2006,cc,b,0.9789999999999995,2.4257222276767983e-4,4035.9114033333617,3.354638894651655e-11
gent,2006,cc,xs,89.02439702766691,0.01921181319240992,4633.836282711623,2.2164024214539106e-11
gent,2006,cc,c,0.007910577212522597,6.587555633033025e-5,120.08364943220116,1.273241250041552e-6
gent,2007,cc,a,43.40383333333333,4.429435272952016,9.79895419137859,0.0022588319108367027
gent,2007,cc,b,1.2043482142857143,0.061268318018738804,19.656949190564795,2.876675465519931e-4
gent,2007,cc,xs,115.43952352147727,6.711138401823182,17.20118355629745,4.280916516624995e-4
gent,2007,cc,c,0.00803372336902525,0.05097988517474585,0.15758614091592643,0.8847921638109926
gent,2008,cc,a,44.099,2.571989669087835,17.145869802672983,4.3221452768948943e-4
gent,2008,cc,b,1.0850357142857143,0.03557597555355254,30.49911344391412,7.743385203623691e-5
gent,2008,cc,xs,146.14907912244635,4.340024498616863,33.67471293515119,5.756811730948642e-5
gent,2008,cc,c,0.0064608124517053726,0.029601908577692133,0.21825661797274154,0.8412329136699063
gent,2009,cc,a,30.529333333333334,0.9851234025136124,30.990364512136825,7.38184910726472e-5
gent,2009,cc,b,0.8385892857142856,0.013626309042480028,61.541924750127336,9.452460489528477e-6
gent,2009,cc,xs,126.58727974567012,2.114054763391563,59.878902825860116,1.0261559385317158e-5
gent,2009,cc,c,0.0018081465945468834,0.011338122096460517,0.15947496235830289,0.8834266560175947
gent,2010,cc,a,39.563833333333335,5.048024614149014,7.837488197351615,0.00432569130063406
gent,2010,cc,b,1.2547767857142855,0.06982469736372948,17.97038631156432,3.758185138929598e-4
gent,2010,cc,xs,115.95649068888723,7.286855003311987,15.913105260936746,5.395926350696643e-4
gent,2010,cc,c,-1.1259520918338421e-5,0.05809944142542961,-1.9379740393528515e-4,0.9998575385229926
gent,2011,cc,a,78.35150000000002,5.550632425699703,14.115778886245229,7.701314182256823e-4
gent,2011,cc,b,1.0146339285714285,0.07677681052019227,13.215369610913706,9.361648584786049e-4
gent,2011,cc,xs,128.0491412047153,9.87719105584245,12.964125172912704,9.908683822222398e-4
gent,2011,cc,c,0.005818909371895479,0.06388412659223823,0.09108537100360801,0.9331658119006008
gent,2012,cc,a,34.848,0.13054107761740857,266.9504544932052,1.1591958380900502e-7
gent,2012,cc,b,0.8710357142857144,0.0032966600430953236,264.21763327099853,1.1955368218229954e-7
gent,2012,cc,xs,89.34683475136917,0.2939470944811501,303.9554954917192,7.852787117618614e-8
gent,2012,cc,c,0.006019735851896385,8.952769278074594e-4,6.723881365555536,0.006715314231349018
gent,2013,cc,a,54.189,0.32303133039600906,167.75153027283415,4.6710629275027526e-7
gent,2013,cc,b,1.3224285714285715,0.008157773009240366,162.10656633013048,5.176180745780355e-7
gent,2013,cc,xs,103.021490542244,0.5385214595519723,191.30433655875783,3.149586805399112e-7
gent,2013,cc,c,0.0033349638771824736,0.0022154137405705644,1.5053458485472682,0.22930459049855953
gent,2014,cc,a,9.766166666666665,2.5381633188339774,3.8477298108433797,0.030987611507686058
gent,2014,cc,b,1.4268660714285715,0.03510808665642337,40.6420915327071,3.277908873406176e-5
gent,2014,cc,xs,123.96284840143035,3.203536586804322,38.69562436466165,3.797012308053352e-5
gent,2014,cc,c,0.002561485815211475,0.029212589545906595,0.08768431197056964,0.9356526826937084
gent,2015,cc,a,46.6105,0.748265250685937,62.29141331536112,9.115561138105472e-6
gent,2015,cc,b,1.1410982142857142,0.010350067337329832,110.25031790567085,1.6451389477671318e-6
gent,2015,cc,xs,125.99207070037347,1.1801677820920984,106.75776157609195,1.811904093943281e-6
gent,2015,cc,c,0.0023415939949223614,0.008612040634877272,0.27189769465779245,0.8033390607417976
gent,2016,cc,a,61.039,2.187100083758661,27.908645083630955,1.0098359726320121e-4
gent,2016,cc,b,1.4183928571428572,0.055232617869979135,25.680348168211733,1.2950971476955093e-4
gent,2016,cc,xs,80.65452742887783,2.8674456018185603,28.1276573748168,9.865007758690905e-5
gent,2016,cc,c,0.04021649232390127,0.014999571625520038,2.6811760580867228,0.0749739196154361
gent,2017,cc,a,79.45,1.0146329390676276,78.30417970956931,4.590510501919549e-6
gent,2017,cc,b,1.4832142857142858,0.025623351129641314,57.885257795124645,1.1357962249438341e-5
gent,2017,cc,xs,99.38814805309123,1.4761966895438627,67.32717174958688,7.220293134863429e-6
gent,2017,cc,c,0.019671865593016095,0.006958556472185735,2.8270038005220086,0.06635348318566936
gent,2018,cc,a,45.30233333333333,1.5553625926522952,29.12654164845327,8.887182858059221e-5
gent,2018,cc,b,1.2790000000000001,0.021513905066629754,59.44992301671251,1.0485150406168321e-5
gent,2018,cc,xs,113.32953549664983,2.2228146900193813,50.98469791724369,1.66169020963431e-5
gent,2018,cc,c,0.006738050557456523,0.01790119992557525,0.376402173344254,0.7316619682046116
gent,2019,cc,a,35.61966666666666,2.869124279545165,12.414821804900468,0.0011261526905183604
gent,2019,cc,b,1.224,0.039685966260277795,30.842136788921216,7.488523570250635e-5
gent,2019,cc,xs,115.00756577616718,4.2627671817897905,26.979555971874454,1.1174358468342959e-4
gent,2019,cc,c,0.003287117783419824,0.033021732412811,0.0995440742577323,0.9269852890192217
gilm,2001,cc,a,51.793,0.040442168240648745,1280.668229552105,1.0499288883497262e-9
gilm,2001,cc,b,0.8117321428571428,0.0010213189788874984,794.7880727148984,4.392525058067151e-9
gilm,2001,cc,xs,72.289333370954,0.0847210285919087,853.2631693975679,3.549928440617289e-9
gilm,2001,cc,c,0.005386043798916311,2.773605120870545e-4,19.4189279446737,2.983076551359816e-4
gilm,2003,cc,a,74.029,0.2745184917365997,269.66853683223195,1.1244972837939861e-7
gilm,2003,cc,b,1.039571428571429,0.0069326388238590214,149.95320757136406,6.539340327612995e-7
gilm,2003,cc,xs,106.91090590386102,0.6058140713748053,176.47478154682437,4.012107743605129e-7
gilm,2003,cc,c,0.008351952889825319,0.0018827029498606285,4.436150105593446,0.02129157894381229
gilm,2003,cs,a,96.747,0.02730638402954991,3543.0176289655983,4.9585041572076574e-11
gilm,2003,cs,b,1.035482142857143,6.895903327492423e-4,1501.590282927702,6.51351930904264e-10
gilm,2003,cs,xs,83.88151486877742,0.04915800852751556,1706.365196259442,4.4386842849488297e-10
gilm,2003,cs,c,0.003840175346176984,1.8727266581294053e-4,20.505797413130157,2.53591679966832e-4
gilm,2004,cc,a,38.65766666666667,4.1690911248986975,9.272444642861096,0.002654582059786548
gilm,2004,cc,b,1.2071964285714285,0.057667216055549315,20.933842677762836,2.3843369904728146e-4
gilm,2004,cc,xs,129.7718351486313,6.223976140060687,20.850310513459963,2.4129507844826659e-4
gilm,2004,cc,c,0.004830665636383943,0.04798349535170868,0.10067348368384182,0.9261605736157172
gilm,2004,cs,a,70.933,1.1593963982891942,61.1809732242301,9.620642357829425e-6
gilm,2004,cs,b,1.3675357142857136,0.02927918054691246,46.70676189501221,2.160803371063794e-5
gilm,2004,cs,xs,91.67770153571247,1.6591874746850321,55.25457667351056,1.3057322189100383e-5
gilm,2004,cs,c,-0.02185259256472004,0.007951373349418102,-2.7482790210472583,0.07084439476333447
gilm,2005,cc,a,59.475,0.7150600342971283,83.17483448569635,3.830619005821216e-6
gilm,2005,cc,b,1.2944464285714283,0.018057992828820885,71.68274131250448,5.98305154825895e-6
gilm,2005,cc,xs,93.16506511033452,1.131146332381793,82.3634064340393,3.944912925468545e-6
gilm,2005,cc,c,0.02083236754966896,0.0049040253258799335,4.24801385909054,0.02390076537985875
gilm,2006,cc,a,56.718,1.287551602919324,44.05104997065805,2.5751162395207817e-5
gilm,2006,cc,b,1.3964999999999999,0.03251558819828082,42.94863102226877,2.7782787972414734e-5
gilm,2006,cc,xs,78.03264142196821,1.65580297011199,47.126767393520545,2.103605393369804e-5
gilm,2006,cc,c,0.021761495334136054,0.0088302874811067,2.4644152730810847,0.09051186491865769
gilm,2007,cc,a,36.155,1.4435727183820892,25.045499641002763,1.3957087228896666e-4
gilm,2007,cc,b,1.2992142857142857,0.03645571636799549,35.63814992961892,4.858426839512751e-5
gilm,2007,cc,xs,93.93382745630389,2.2939535122796126,40.9484442267347,3.2049915767973786e-5
gilm,2007,cc,c,0.02267918422636977,0.009900311625797619,2.2907545826409907,0.10588298390379923
gilm,2008,cc,a,52.292,0.5629984545457477,92.8812496336096,2.7510937864570576e-6
gilm,2008,cc,b,1.2532142857142856,0.014217858035958729,88.14367695504843,3.2188153009117217e-6
gilm,2008,cc,xs,101.58202557170766,0.9924836293361708,102.35133615216552,2.0560845584110585e-6
gilm,2008,cc,c,0.021580279199277567,0.0038611564723198414,5.589071397127765,0.01131190388959374
gilm,2009,cc,a,17.87483333333333,3.0276564777532444,5.903851201308624,0.009703615958279486
gilm,2009,cc,b,1.4772232142857145,0.04187879684419758,35.273773976397976,5.010254993900401e-5
gilm,2009,cc,xs,123.59251008426921,3.697513781255283,33.42584163197096,5.886079509467017e-5
gilm,2009,cc,c,0.004907550502263041,0.0348463336911048,0.14083405576512023,0.8969257660017251
gilm,2009,cs,a,73.46,0.005735573128914277,12807.78718166317,1.049659470873089e-12
gilm,2009,cs,b,1.4973035714285716,1.4484509476595108e-4,10337.274961558067,1.9964228256767966e-12
gilm,2009,cs,xs,81.97221559953354,0.0070132736539025645,11688.15301452265,1.3811252623042957e-12
gilm,2009,cs,c,0.0030467715231788446,3.9335712434662854e-5,77.45560801115711,4.742983361718797e-6
gilm,2010,cc,a,23.137333333333334,2.9177412544878965,7.929878394029924,0.004181678524797164
gilm,2010,cc,b,1.0874464285714287,0.040358440311335585,26.94470896750672,1.1217626185832871e-4
gilm,2010,cc,xs,133.42773105568332,4.8457993739068375,27.5347204372825,1.0514058618520019e-4
gilm,2010,cc,c,0.005789104757699475,0.03358128180170457,0.17239082152622368,0.8741041311224956
gilm,2011,cc,a,40.294,0.08874620984973627,454.03629144529305,2.3560877365626684e-8
gilm,2011,cc,b,1.2613035714285716,0.00224118024247689,562.7854232886749,1.237192529616378e-8
gilm,2011,cc,xs,80.43312927201424,0.1272010443708539,632.3307302219307,8.72235926537275e-9
gilm,2011,cc,c,0.0030084850993376843,0.00060863933069166265,4.9429685983632,0.015883676885648238
gilm,2012,cc,a,58.653166666666664,0.1647898216427104,355.9271202673896,4.890746606523306e-8
gilm,2012,cc,b,1.0230267857142856,0.002279386553023957,448.81671533820503,2.4392477630760648e-8
gilm,2012,cc,xs,113.09053727456876,0.29395645760650346,384.71866954511415,3.872847500365448e-8
gilm,2012,cc,c,0.003355006071310347,0.0018966224061590948,1.7689372752400767,0.17505358747820765
gilm,2012,cs,a,92.11,0.04497050117931878,2048.231564792076,2.5664523735755326e-10
gilm,2012,cs,b,1.0083214285714284,0.0011356766549019267,887.8596070626314,3.150909050687655e-9
gilm,2012,cs,xs,81.36859236734945,0.08135447827094239,1000.1734888688003,2.2041602544864275e-9
gilm,2012,cs,c,0.003489915713425689,3.084167288382574e-4,11.315585009190281,0.0014803420898997712
gilm,2013,cc,a,28.994166666666672,3.992839789832349,7.2615402051691325,0.005388914799902447
gilm,2013,cc,b,1.0561517857142857,0.05522929289319647,19.12303653346954,3.122779107390626e-4
gilm,2013,cc,xs,112.75212695793155,6.922554067705526,16.28764843945858,5.035392404668239e-4
gilm,2013,cc,c,0.006449994480626986,0.045954958468362415,0.1403547015512476,0.8972735437079161
gilm,2013,cs,a,53.802,0.004297047497811598,12520.690084854845,1.1235332726358758e-12
gilm,2013,cs,b,1.2391785714285712,1.0851683659940243e-4,11419.228667742007,1.4810183001499714e-12
gilm,2013,cs,xs,82.67910444435239,0.006404712765861035,12909.10419668714,1.0251382018906338e-12
gilm,2013,cs,c,0.005919607916917391,2.947001474707042e-5,200.86884814015414,2.7207850385000075e-7
gilm,2014,cc,a,22.33133333333334,1.4314752404427438,15.600223253897454,5.723887018713248e-4
gilm,2014,cc,b,1.206642857142857,0.01980028488122502,60.94068163064749,9.734821512060715e-6
gilm,2014,cc,xs,117.8307952825467,2.148631016250626,54.839939659887314,1.3355502032472331e-5
gilm,2014,cc,c,0.0027129374103102553,0.016475338026472008,0.1646665704795374,0.8796762453293283
gilm,2014,cs,a,50.111,0.008147591086792165,6150.406846169975,9.478926798795515e-12
gilm,2014,cs,b,1.2803928571428573,2.0575774670735045e-4,6222.817257830695,9.151864115170952e-12
gilm,2014,cs,xs,82.76041722038612,0.011726481372560597,7057.566084063504,6.273441527452415e-12
gilm,2014,cs,c,0.0023457819084888444,5.587781601277335e-5,41.98055822283054,2.97467616220685e-5
gilm,2015,cc,a,24.250833333333336,1.2499935120194836,19.4007673641072,2.9914084571001123e-4
gilm,2015,cc,b,1.3370089285714284,0.01729001448185279,77.32838685443109,4.766422041711539e-6
gilm,2015,cc,xs,112.7309576745153,1.7061746260193653,66.07234450410574,7.639300148883486e-6
gilm,2015,cc,c,0.003641958273540253,0.014386602757479982,0.2531492899980644,0.8165088374577831
gilm,2016,cc,a,36.873,0.9878218962307843,37.32757913212462,4.229220418392819e-5
gilm,2016,cc,b,1.445517857142857,0.024946270051047926,57.945250098907465,1.1322746288537859e-5
gilm,2016,cc,xs,93.23880663437727,1.4055301216583693,66.33711024589486,7.548244003739459e-6
gilm,2016,cc,c,0.028625432721252318,0.006774680955755325,4.225355099111202,0.02424234216960495
gilm,2017,cc,a,44.559,1.1729485601911485,37.98887821025884,4.0125368672669195e-5
gilm,2017,cc,b,1.582142857142857,0.02962142431764853,53.41211280648013,1.4454521221523601e-5
gilm,2017,cc,xs,99.21118145894982,1.5987661675381142,62.05484171066852,9.220147520806395e-6
gilm,2017,cc,c,0.02240491420830824,0.008044316797520256,2.7851854635081983,0.068693428398873893
gilm,2017,cs,a,92.77,0.03572125736834255,2597.0530388500847,1.259006744478612e-10
gilm,2017,cs,b,1.415,9.020979756308906e-4,1568.5657636138765,5.71428524527347e-10
gilm,2017,cs,xs,78.29640744788134,0.04489004068976901,1744.1821447429884,4.156183589196453e-10
gilm,2017,cs,c,0.0051182269717038155,2.449835571901579e-4,20.892124477280788,2.3985706738189618e-4
gilm,2018,cc,a,44.709,0.11488428747365424,389.1654897564026,3.741600883107173e-8
gilm,2018,cc,b,1.510678571428571,0.002901266383014488,520.6962656972361,1.5621099200005347e-8
gilm,2018,cc,xs,81.32595760423169,0.13856282454895566,586.924796524326,1.0907339552443428e-8
gilm,2018,cc,c,0.00405655478627342,7.878995165353673e-4,5.148568695804409,0.01420246756658659
gilm,2019,cc,a,38.54,0.023708406494965976,1625.583735802034,5.133837500633318e-10
gilm,2019,cc,b,1.666107142857143,5.987276787042012e-4,2782.746150074475,1.0234102735894126e-10
gilm,2019,cc,xs,78.99607945898482,0.02539507868480359,3110.684571584181,7.326602990136037e-11
gilm,2019,cc,c,0.00242988034316697,1.625970132729544e-4,14.944188052752777,6.502749355186102e-4
gold,2000,cc,a,27.074833333333334,6.081517436654665,4.451986468072469,0.021089138255416234
gold,2000,cc,b,0.6411339285714286,0.08412005625654836,7.621653587773477,0.00468859433934028
gold,2000,cc,xs,121.24673485409096,17.7535354784614,6.829441662545895,0.006423477265496504
gold,2000,cc,c,0.02418986643117337,0.06999426371620623,0.3455978411209793,0.7524593942138258
gold,2001,cc,a,53.87816666666667,6.219436103288939,8.662870037072175,0.003236194002492394
gold,2001,cc,b,0.9131517857142856,0.08602775875299719,10.614617873936783,0.0017867033402417614
gold,2001,cc,xs,127.10761038422996,12.175654817683657,10.439488658927946,0.0018761608186206617
gold,2001,cc,c,-0.003992052102881024,0.0715816168109459,-0.05576923630300818,0.9590320531818443
gold,2001,cs,a,67.404,0.6993823812347725,96.37646273129872,2.4625751946785907e-6
gold,2001,cs,b,1.0455,0.017662072300482244,59.194639349961996,1.062129807374893e-5
gold,2001,cs,xs,96.52997168648578,1.3996239737349694,68.96850403961753,6.7172225392368714e-6
gold,2001,cs,c,0.008195627633955373,0.004796504832522022,1.7086666062308704,0.18604612012311314
gold,2003,cc,a,68.859,0.04721691472261255,1458.3544986903364,7.11018161182352e-10
gold,2003,cc,b,0.8784642857142857,0.0011924071638237958,736.7150352378275,5.515301589494558e-9
gold,2003,cc,xs,104.55685105197112,0.12022391069919285,869.684328549072,3.3526154805839003e-9
gold,2003,cc,c,0.003015164057796672,3.2382308408161964e-4,9.311146135081277,0.0026225002900019754
gold,2003,cs,a,62.773,0.1404771806653131,446.8554942710353,2.4715056625162617e-8
gold,2003,cs,b,1.0502321428571426,0.003547584537514668,296.0414704008446,8.499536611332728e-8
gold,2003,cs,xs,83.66566912191483,0.24871853911429317,336.3869433290138,5.7934803416912875e-8
gold,2003,cs,c,0.0032219860024081544,9.634207180493139e-4,3.344318782070486,0.044245170197623133
gold,2004,cc,a,26.72566666666667,1.9072825329224092,14.012431931475096,7.870898322982846e-4
gold,2004,cc,b,0.8318928571428572,0.026381691023288543,31.53296187149264,7.008197009666677e-5
gold,2004,cc,xs,114.45492615403388,4.1763578500016845,27.405440401613987,1.066307890046499e-4
gold,2004,cc,c,0.002958383927585885,0.0219515668550184,0.13476869086953408,0.9013285254853164
gold,2005,cc,a,36.91433333333334,2.3428403007099954,15.756231153334047,5.557143500531655e-4
gold,2005,cc,b,1.0695892857142857,0.03240636238383354,33.005533698773554,6.113319924680456e-5
gold,2005,cc,xs,113.78040219999811,3.9949415795778918,28.481117917128646,9.503325373711542e-5
gold,2005,cc,c,0.004034827243625158,0.02696455014080447,0.14963450984926321,0.89054655281719175
gold,2006,cc,a,59.125,1.247911963024381,47.37914352283908,2.0702037044327623e-5
gold,2006,cc,b,1.1479285714285716,0.031514536120655585,36.42536786940628,4.550737639359739e-5
gold,2006,cc,xs,83.16231901722185,2.051488025423203,40.53756004745201,3.303294774575916e-5
gold,2006,cc,c,0.025152430764599706,0.00855843086959206,2.938906809887991,0.06056357375174552
gold,2007,cc,a,31.923500000000004,1.3573804571002224,23.51846148440822,1.6843199557676976e-4
gold,2007,cc,b,1.309955357142857,0.01877539966005919,69.7697721944912,6.488551285309989e-6
gold,2007,cc,xs,118.56538679204859,1.8206952172972661,65.12094153136358,7.978847771690255e-6
gold,2007,cc,c,-0.03617717187327512,0.015622555828724257,-2.315701237998351,0.10348991509939429
gold,2007,cs,a,59.515,0.01780033275748785,3343.476822081573,5.90032121581795e-11
gold,2007,cs,b,1.3261428571428573,4.495262857213106e-4,2950.089681663279,8.58944119217985e-11
gold,2007,cs,xs,87.67596434852307,0.025765229917043213,3402.8791759598107,5.5966870557917966e-11
gold,2007,cs,c,7.265954244427049e-5,1.2207825702021768e-4,0.5951882359545579,0.5936258456855003
gold,2008,cc,a,26.573333333333338,3.040029354628103,8.741143664576272,0.003152631805798602
gold,2008,cc,b,0.7364642857142857,0.042049939508772595,17.514039123900336,4.0573096834202e-4
gold,2008,cc,xs,116.44919770116643,7.842069007013664,14.849295204749978,6.626860552665422e-4
gold,2008,cc,c,0.034756098907164114,0.034988737361887234,0.9933510474437259,0.39376068883333426
gold,2008,cs,a,49.445,0.04300654428332487,1149.7087437265109,1.4511291306559265e-9
gold,2008,cs,b,1.1349999999999998,0.0010860792535049488,1045.0434407407895,1.9322632018172317e-9
gold,2008,cs,xs,77.82733049751342,0.06700829844836419,1161.4580925000841,1.407534193752971e-9
gold,2008,cs,c,0.0022379026189042555,2.9494751800988585e-4,7.587460420091574,0.00474973250805151
gold,2009,cc,a,2.0713333333333344,10.325496557045906,0.20060375032713554,0.8538381462475849
gold,2009,cc,b,1.028357142857143,0.14282312930986013,7.200214333814824,0.005521664915803016
gold,2009,cc,xs,147.7168496616864,18.46002172708682,8.001986771496485,0.004073650846758373
gold,2009,cc,c,0.007620929462413116,0.11883967061553131,0.06412782383980394,0.9529023306213589
gold,2009,cs,a,29.598,0.03687262460162071,802.7093357140365,4.263766152566226e-9
gold,2009,cs,b,1.2860714285714285,9.311743891411405e-4,1381.1284369167668,8.370814624868998e-10
gold,2009,cs,xs,90.59929947580059,0.056568950215362866,1601.5729323397597,5.368215917619755e-10
gold,2009,cs,c,0.00235131321493074,2.528798649133753e-4,9.298143273432185,0.002633221511343935
gold,2010,cc,a,28.256333333333338,4.463427959298733,6.330635016628072,0.007969496038158176
gold,2010,cc,b,0.9522857142857143,0.061738507690573395,15.424501658810179,5.919766396760664e-4
gold,2010,cc,xs,120.63779124665673,8.460231364792417,14.259396232199466,7.473620695053709e-4
gold,2010,cc,c,0.001617341869963502,0.05137111862550173,0.03148348553112135,0.9768614225792874
gold,2010,cs,a,74.124,0.1528869266876516,484.82889679269647,1.9350785744850525e-8
gold,2010,cs,b,0.8818750000000001,0.0038609779505574646,228.40715779603744,1.8505961280718504e-7
gold,2010,cs,xs,76.08064100728247,0.30303534241871205,251.06194016854909,1.3934882156968035e-7
gold,2010,cs,c,0.00395774382901861,0.001048529248609416,3.774566931983503,0.03256399510917999
gold,2011,cc,a,33.636,0.4700001349668508,71.56593689568271,6.012380863468691e-6
gold,2011,cc,b,1.0681785714285712,0.011869295806916164,89.99510912906477,3.024273159878839e-6
gold,2011,cc,xs,102.89053722167797,0.9582301728874154,107.37559735949456,1.7808132519746514e-6
gold,2011,cc,c,-0.009176832480433376,0.0032233553191236947,-2.846981350764706,0.06527071797599725
gold,2011,cs,a,39.975,2.166446919871909,18.45187141827759,3.473572842938053e-4
gold,2011,cs,b,0.9831785714285713,0.05471104671864774,17.97038496603035,3.758185976893496e-4
gold,2011,cs,xs,96.20243867440342,4.796027960562961,20.058773523728814,2.708229319516555e-4
gold,2011,cs,c,0.048194950331125926,0.014857928079660637,3.2437194521826442,0.04771611738357779
gold,2012,cc,a,31.008,0.12098809696273626,256.2896745912973,1.3099466691112245e-7
gold,2012,cc,b,0.7330714285714286,0.003055410850185938,239.92564814215322,1.5966640845266996e-7
gold,2012,cc,xs,105.45406561664717,0.3683883722293774,286.257856018827,9.40111626987944e-8
gold,2012,cc,c,-0.00482375075255873,8.297606678836283e-4,-5.813424206840384,0.010133146307455342
gold,2013,cc,a,34.584,0.0988945833135948,349.7057052187996,5.156438103028902e-8
gold,2013,cc,b,1.243642857142857,0.0024974653744164596,497.96200174884825,1.7859768640592206e-8
gold,2013,cc,xs,93.59763364267201,0.16028366361939814,583.9499268305,1.1074887823345355e-8
gold,2013,cc,c,-0.004215175346176916,6.7823891407793e-4,-6.214882777564411,0.008396636327575872
gold,2013,cs,a,56.805,0.11911523345929773,476.891144401027,2.0333217100923976e-8
gold,2013,cs,b,1.1157142857142857,0.0030081139043460067,370.9016085136752,4.3219847565532446e-8
gold,2013,cs,xs,77.48337824645357,0.18827543216960255,411.5426922863461,3.163856896048586e-8
gold,2013,cs,c,0.0022284391932570514,8.169161938363453e-4,2.7278675708361337,0.07206997331434273
gold,2014,cc,a,2.4598333333333344,4.669394487233165,0.5267992113450455,0.6348016730557884
gold,2014,cc,b,0.8014910714285715,0.06458745387830991,12.409392587895963,0.0011276088060739084
gold,2014,cc,xs,123.77051865215206,11.305076150392336,10.948225116365684,0.0016313508970880008
gold,2014,cc,c,0.058905232365603216,0.05374165782449546,1.0960814152397471,0.3531488987528729
gold,2015,cc,a,14.234333333333334,3.0901983326973315,4.6062847108291125,0.019241381946708852
gold,2015,cc,b,1.0574107142857143,0.04274388099648105,24.738294456059503,1.4481469173573464e-4
gold,2015,cc,xs,112.12667143255376,5.384600527832526,20.823582149312816,2.4222030419250988e-4
gold,2015,cc,c,0.011886466497405834,0.035566149285461666,0.33420729362637663,0.7602231047439412
gold,2015,cs,a,52.986,0.08880368719836547,596.6644141885954,1.0381878550992986e-8
gold,2015,cs,b,1.3638214285714287,0.002242631764726187,608.1343580442614,9.805458287921055e-9
gold,2015,cs,xs,75.97478694539974,0.1136066002733551,668.7532833707955,7.373428415465747e-9
gold,2015,cs,c,0.004773272877784346,6.090335218921526e-4,7.837455092709323,0.004325744067230106
gold,2016,cc,a,26.026500000000002,2.369622650887978,10.983394335063007,0.0016160332676579212
gold,2016,cc,b,1.0950624999999998,0.032776818084589335,33.40966463473966,5.894615438242172e-5
gold,2016,cc,xs,113.79017843735694,3.934782451319494,28.91905203023319,9.079298013053859e-5
gold,2016,cc,c,8.659344298486056e-4,0.02727279736706397,0.03175084749078041,0.976665014329057
gold,2016,cs,a,52.15,0.045580160277654026,1144.13814436644,1.4724283046682756e-9
gold,2016,cs,b,1.2969107142857144,0.0011510728721392455,1126.6973148932198,1.5418699216133352e-9
gold,2016,cs,xs,80.9041115274,0.06369915449415618,1270.0971020709894,1.0763635972613333e-9
gold,2016,cs,c,0.001265559151113786,3.125978933768797e-4,4.048521048694274,0.02713709761720732
gold,2017,cc,a,40.941,0.628853741737198,65.10416855738374,7.985012710151747e-6
gold,2017,cc,b,1.1572142857142858,0.015880955184175233,72.86805310472796,5.695933041173479e-6
gold,2017,cc,xs,107.1839021645782,1.260419525719712,85.0382749373667,3.584357029942801e-6
gold,2017,cc,c,0.019080599036724794,0.004312805258071686,4.42417357032624,0.02144635249370448
gold,2019,cc,a,28.541,0.37395232449723753,76.32256341332312,4.957281338204908e-6
gold,2019,cc,b,0.8570357142857142,0.009443722303302466,90.75189705504249,2.949265071276839e-6
gold,2019,cc,xs,111.24515718253184,1.0349554061000659,107.48787486576593,1.7752397387623948e-6
gold,2019,cc,c,0.0030870145996388276,0.0025646401449477374,1.2036833337886221,0.3150284349425426
gold,2019,cs,a,47.016,0.09551742986223298,492.224299458353,1.849162784345865e-8
gold,2019,cs,b,0.9127500000000001,0.0024121793706105487,378.3922585197191,4.070362595211735e-8
gold,2019,cs,xs,86.32732979849442,0.19811267551367473,435.7486444250039,2.665350806223844e-8
gold,2019,cs,c,-0.0018403258579168503,6.550777174503761e-4,-2.8093244647056093,0.0673304224526102
hoff,2000,cc,a,54.019666666666666,7.063714213065902,7.647487573427779,0.004643089759985045
hoff,2000,cc,b,1.0640357142857144,0.09770588396276027,10.890190755464248,0.001657051164594736
hoff,2000,cc,xs,118.54477415771355,12.014523504125256,9.866789483329116,0.0022136670200450085
hoff,2000,cc,c,0.0024386245722485926,0.0812987022721126,0.029995860992791015,0.9779542944049677
hoff,2000,cs,a,87.466,0.039415401828010385,2219.0817787843193,2.0181363570631206e-10
hoff,2000,cs,b,1.2412500000000002,9.953892112778138e-4,1246.999651931697,1.1372887516786832e-9
hoff,2000,cs,xs,76.56473777086035,0.055646236091614516,1375.9194358591685,8.466246398766517e-10
hoff,2000,cs,c,0.003876919024683904,2.7031874181626756e-4,14.342028224291603,7.346659116041946e-4
hoff,2003,cc,a,2.314833333333335,6.70748566767756,0.3451119313587496,0.7527897954662436
hoff,2003,cc,b,1.3111696428571429,0.09277850102085758,14.132257240956914,7.67472480102498e-4
hoff,2003,cc,xs,117.647478877819,9.263560781543513,12.700027737953304,0.0010530458832416424
hoff,2003,cc,c,0.002429848769179613,0.07719874613306255,0.03147523620385541,0.9768674826984282
hoff,2004,cc,a,18.577800000000003,8.310348370611571,2.23550195148231,0.11142568570135036
hoff,2004,cc,b,1.0841035714285714,0.07932264379480505,13.667012590162443,8.475052837950503e-4
hoff,2004,cc,xs,171.9096044337639,17.324233169928913,9.92307150033985,0.00217709851431211
hoff,2004,cc,c,0.002323726541555215,0.18183220297500394,0.012779510469191492,0.990606056403264
hoff,2006,cc,a,16.545,2.2852465593197775,7.239919006780939,0.005435232360474647
hoff,2006,cc,b,1.8103750000000003,0.05771119067065148,31.36956591887907,7.11801166690333e-5
hoff,2006,cc,xs,86.84952138461382,2.3880720822838355,36.36804853124667,4.5722496411745274e-5
hoff,2006,cc,c,-0.013182702438290141,0.015672679866383588,-0.8411262496700254,0.462034055312312
hoff,2008,cc,a,19.61466666666667,0.723034700045804,27.128250781634804,1.0992209811671999e-4
hoff,2008,cc,b,1.1622142857142856,0.01000107625716955,116.20892150293524,1.4048714053106369e-6
hoff,2008,cc,xs,156.1123079361532,1.1772016445710625,132.61305627298535,9.454161092321807e-7
hoff,2008,cc,c,0.02099354233359094,0.008321653600127273,2.522760900942796,0.08596816015902081
hoff,2008,cs,a,84.89,0.12378464609462357,685.7877990385682,6.837512903333534e-9
hoff,2008,cs,b,1.6094642857142856,0.0031260343807244725,514.8581524369815,1.6158538086714986e-8
hoff,2008,cs,xs,72.90338640550384,0.13080544554931506,557.3421358671071,1.273796584562365e-8
hoff,2008,cs,c,0.0034098246538230765,8.489399634812676e-4,4.016567484749252,0.02770693456523533
hoff,2009,cc,a,34.72033333333333,5.074968836307899,6.841487002823212,0.0063912452544581735
hoff,2009,cc,b,1.2849642857142858,0.07019739209122189,18.30501458009249,3.5572473861272987e-4
hoff,2009,cc,xs,126.17754385809344,7.331883544783384,17.20943098555738,4.2748140886890304e-4
hoff,2009,cc,c,0.04185351584060043,0.05840955169166839,0.716552595053909,0.5253957840510921
hoff,2009,cs,a,80.13,0.2578787318385055,310.72744707842276,7.350480037885857e-8
hoff,2009,cs,b,1.4604821428571428,0.006512421428814087,224.26100012435728,1.9551424084286145e-7
hoff,2009,cs,xs,73.31455101280487,0.30188115331161613,242.85898675206826,1.5395071219012834e-7
hoff,2009,cs,c,0.006106882149307584,0.0017685841345963596,3.4529780234070375,0.04084809407770247
hoff,2010,cc,a,7.406999999999999,1.6725529759978401,4.4285592781185334,0.021389507146567302
hoff,2010,cc,b,1.0289285714285714,0.023134892220318892,44.47518326992183,2.5022325167365502e-5
hoff,2010,cc,xs,156.66538630350087,3.036146261818578,51.60007878199587,1.602997199122353e-5
hoff,2010,cc,c,0.003926040401810307,0.01924998412003502,0.20395031898879115,0.8514438237376679
hoff,2011,cc,a,46.2645,2.8056112393065495,16.489989543752678,4.8538861621925196e-4
hoff,2011,cc,b,1.181830357142857,0.03880744859202365,30.453698968134855,7.777989587865686e-5
hoff,2011,cc,xs,121.3088863633768,4.118486004478386,29.45472832285144,8.594221088572997e-5
hoff,2011,cc,c,-0.04500590572910937,0.032290739114808516,-1.3937713091389006,0.2576882714331408
hoff,2013,cc,a,26.402,0.5648204644699918,46.74405702487203,2.1556411191828564e-5
hoff,2013,cc,b,1.3247142857142857,0.014263870734988094,92.8720058058905,2.7519151133941434e-6
hoff,2013,cc,xs,104.76099972635096,0.9491539417730579,110.37303340978933,1.6396588053317046e-6
hoff,2013,cc,c,-0.004147463877182484,0.0038736521823077184,-1.0706856687147486,0.3627941616903672
hoff,2015,cc,a,19.18483333333333,7.344700923752016,2.6120646071906797,0.07954325703848984
hoff,2015,cc,b,1.1005089285714287,0.10159251557344925,10.832578781610973,0.0016830983818909614
hoff,2015,cc,xs,140.252059167871,12.089277731836534,11.601359674161834,0.0013754603314989839
hoff,2015,cc,c,0.003593498178606869,0.0845326744070888,0.04251016785889745,0.9687630971966581
hoff,2016,cc,a,24.383,0.06162829511661243,395.6461874186644,3.560736226083895e-8
hoff,2016,cc,b,1.8241071428571427,0.001556349478211516,1172.042120612474,1.3697457108864502e-9
hoff,2016,cc,xs,76.44701374279802,0.058926047988791454,1297.3382120813412,1.009973983834438e-9
hoff,2016,cc,c,-0.0011770770620107547,4.22659225165262e-4,-2.784931670545015,0.06870794033904708
hoff,2017,cc,a,16.99583333333333,2.5877821896876987,6.567721735261049,0.007179896925289926
hoff,2017,cc,b,1.4041517857142856,0.035794419015259364,39.22823234302777,3.64468057472263e-5
hoff,2017,cc,xs,113.54400665152832,3.4042085820467394,33.35400987188081,5.924108452269753e-5
hoff,2017,cc,c,0.022451926261176723,0.029783670097431936,0.7538334324725352,0.5057194620040254
hoff,2018,cc,a,6.463333333333332,3.2584185806108206,1.9835798174590942,0.14156395176934045
hoff,2018,cc,b,1.3684285714285715,0.045070717491708996,30.36181023034083,7.84863867512346e-5
hoff,2018,cc,xs,120.47977714407062,4.3249734392497174,27.856766945826855,1.0154709566448101e-4
hoff,2018,cc,c,0.010656363837068056,0.03750225364058446,0.2841526255781033,0.794777345843955
hoff,2019,cc,a,19.32,1.900044928965921,10.168180607452637,0.002026853424759179
hoff,2019,cc,b,1.6317142857142857,0.04798338049396124,34.005821784891516,5.590627574106372e-5
hoff,2019,cc,xs,90.48565567668385,2.2637758086989357,39.971120518638656,3.445514379828668e-5
hoff,2019,cc,c,-0.01963470800722446,0.013030889722591824,-1.5067818410882192,0.22896228407031755
hoff,2019,cs,a,75.298,0.037119661981738536,2028.5206270747767,2.6419955479364693e-10
hoff,2019,cs,b,1.1843214285714285,9.374130250942785e-4,1263.393399566128,1.0935885526816435e-9
hoff,2019,cs,xs,72.71246723149483,0.05309493708801398,1369.4802408553837,8.586231639936092e-10
hoff,2019,cs,c,-4.4705749548451415e-4,2.5457409688052425e-4,-1.7560997012760708,0.17733129686081422
hugg,2000,cc,a,104.643,0.057519480335809364,1819.2619159469941,3.662558659470577e-10
hugg,2000,cc,b,0.9100000000000001,0.0014525862355634668,626.4688303665536,8.969502577144714e-9
hugg,2000,cc,xs,92.96462340953362,0.12728821848492722,730.3474313338903,5.660819358575793e-9
hugg,2000,cc,c,0.0011999172185431126,3.944801481955712e-4,3.0417683222635334,0.05578931322277011
hugg,2001,cc,a,110.119,0.7999435288555125,137.65846716398644,8.452388665725242e-7
hugg,2001,cc,b,0.8033035714285717,0.020201624779286772,39.764305109370156,3.499473073113556e-5
hugg,2001,cc,xs,84.24856728482199,1.829524621748295,46.049430700918364,2.254556643229452e-5
hugg,2001,cc,c,-0.01131219897652029,0.005486173379326496,-2.061947042933051,0.13125069698234762
hugg,2002,cc,a,100.338,0.019512276028548742,5142.301177637799,1.6218032246234393e-11
hugg,2002,cc,b,0.7943035714285714,4.927593820060902e-4,1611.9501737234386,5.265205231166968e-10
hugg,2002,cc,xs,93.06214121784836,0.049461899705308295,1881.491446392239,3.3110333831830026e-10
hugg,2002,cc,c,2.4128913305233908e-4,1.3381910779508265e-4,1.8030992511310522,0.16915427086645257
hugg,2002,cs,a,109.835,0.0013871842171097799,79178.38066874993,4.442740014054799e-15
hugg,2002,cs,b,0.840339285714286,3.503169166690277e-5,23987.973338673262,1.5976810013656043e-13
hugg,2002,cs,xs,77.68961713684632,0.002908922754708508,26707.349657564664,1.157652907461449e-13
hugg,2002,cs,c,-3.6839629741131915e-4,9.513587959162216e-6,-38.72317142519601,3.788927596906083e-5
hugg,2003,cc,a,71.702,0.06020919614827899,1190.8812039844765,1.3057628890453022e-9
hugg,2003,cc,b,0.9337142857142857,0.0015205118173656797,614.0789404267613,9.523443044995265e-9
hugg,2003,cc,xs,102.14399738326568,0.14085391784370754,725.1768282129387,5.782771306803891e-9
hugg,2003,cc,c,9.87432269717036e-4,4.1292675943253724e-4,2.391301234809801,0.09662803538944927
hugg,2003,cs,a,84.898,0.01387496982982862,6118.788079631351,9.626634176181713e-12
hugg,2003,cs,b,0.9951964285714286,3.5039590197966347e-4,2840.205672922478,9.62545306289122e-11
hugg,2003,cs,xs,78.65251774231074,0.024782046049842334,3173.7701392420395,6.898333422410595e-11
hugg,2003,cs,c,3.034128537027064e-4,9.51573297033484e-5,3.188538966452627,0.04976680327920588
hugg,2004,cc,a,33.39833333333333,1.2900963477224543,25.888247333073224,1.2642555988471443e-4
hugg,2004,cc,b,0.7554107142857143,0.017844720249043138,42.332449247906844,2.9012075282148756e-5
hugg,2004,cc,xs,116.47721190266833,3.0992821712327916,37.58199656159012,4.1440535589245415e-5
hugg,2004,cc,c,0.001959984545755523,0.014848160006505228,0.13200184702325546,0.9033385343538375
hugg,2005,cc,a,58.218,1.7211935613157587,33.82420275584549,5.68097863778643e-5
hugg,2005,cc,b,1.0506428571428572,0.02380769285205489,44.13039363670109,2.5612685534464117e-5
hugg,2005,cc,xs,121.63262820334502,2.946922351169575,41.274459829276275,3.1297493875544514e-5
hugg,2005,cc,c,-9.458549508777074e-4,0.019809805248810052,-0.047746807149177985,0.9649188434852854
hugg,2005,cs,a,99.589,0.04597070454976483,2166.357922406683,2.1691010159022258e-10
hugg,2005,cs,b,0.9233928571428572,0.0011609356043950712,795.3868015134308,4.382613118022547e-9
hugg,2005,cs,xs,85.5287736653171,0.09387306168215342,911.1109420816655,2.915782166951339e-9
hugg,2005,cs,c,8.616608970499661e-4,3.152763244308421e-4,2.7330339460328776,0.07175729306086871
hugg,2006,cc,a,61.98583333333333,0.060207827704344095,1029.5311373418135,2.0209278684277503e-9
hugg,2006,cc,b,0.6155267857142855,8.327996928937511e-4,739.1054427211642,5.461962105900092e-9
hugg,2006,cc,xs,114.31765153932368,0.17805646527166785,642.030332147191,8.332979508275055e-9
hugg,2006,cc,c,0.001642896566950053,6.929524767482914e-4,2.370864701515195,0.09842697133754195
hugg,2007,cc,a,43.16616666666667,0.7782702681368623,55.46423708309477,1.2909921996585034e-5
hugg,2007,cc,b,0.9443839285714285,0.010765099240508745,87.72644891351676,3.264945825709635e-6
hugg,2007,cc,xs,122.06631300648749,1.4847884497994692,82.21124903212534,3.9668495468711385e-6
hugg,2007,cc,c,9.575560216360411e-4,0.00895737864075245,0.10690136702266313,0.9216151342461373
hugg,2007,cs,a,61.87683333333333,2.744439199293673,22.54625766504806,1.9106459401919759e-4
hugg,2007,cs,b,0.8454732142857142,0.03796131183408292,22.271970420332536,1.9817638181011753e-4
hugg,2007,cs,xs,114.72315435990095,5.887769502086026,19.48499415937644,2.9530253071540657e-4
hugg,2007,cs,c,-2.6443316039298227e-4,0.03158668918889482,-0.0083716643682286,0.9938460418849975
hugg,2008,cc,a,61.586,0.0088801867229875,6935.214531083761,6.611363164637732e-12
hugg,2008,cc,b,1.0800714285714283,2.242585803581144e-4,4816.187754540683,1.974060466338416e-11
hugg,2008,cc,xs,101.6429889576971,0.01785111673143698,5693.9288721751045,1.1946332127884684e-11
hugg,2008,cc,c,-5.889524382901716e-4,6.090210401827276e-5,-9.670477691763576,0.0023477746410037505
hugg,2009,cc,a,24.7925,0.08801832995317584,281.67428322247383,9.867552531279558e-8
hugg,2009,cc,b,1.1426339285714286,0.0012174768788201415,938.526183494143,2.6676557878836228e-9
hugg,2009,cc,xs,134.63226969364325,0.13815999797336645,974.4663554467969,2.3832442392068757e-9
hugg,2009,cc,c,-0.002457666409095996,0.0010130330567615015,-2.4260475931089034,0.09366049743865995
hugg,2009,cs,a,56.164,0.07033362306189626,798.5369948960762,4.3309500096607415e-009
hugg,2009,cs,b,1.161267857142857,0.0017761922075887637,653.7962795813153,7.891140094376337e-9
hugg,2009,cs,xs,106.68919594775622,0.13768420695546418,774.8833239985635,4.739791066710599e-9
hugg,2009,cs,c,0.0010149382901867134,4.8236211256789165e-4,2.1041003506341154,0.1260722924015664
hugg,2010,cc,a,38.87800000000001,0.23134479916218947,168.0521893761861,4.646039138804532e-7
hugg,2010,cc,b,0.9617499999999999,0.003199980551381642,300.5487016428113,8.122858152674918e-8
hugg,2010,cc,xs,134.3748357006224,0.4334368878348396,310.0216882136384,7.400792857208174e-8
hugg,2010,cc,c,0.002511756264488462,0.0026626264004988936,0.9433378501835018,0.415101605338872
hugg,2010,cs,a,75.493,0.04970929084414036,1518.689941417641,6.29597099367485e-10
hugg,2010,cs,b,1.273732142857143,0.0012553491658523572,1014.6437162702093,2.111195818366196e-9
hugg,2010,cs,xs,76.4182325626057,0.06821841287740855,1120.1995083047823,1.568857025750975e-9
hugg,2010,cs,c,0.002301211619506379,3.4091630008495165e-4,6.75007800722039,0.006641287792479919
hugg,2011,cc,a,63.5525,3.500700885228499,18.154221706905926,3.6459795001720984e-4
hugg,2011,cc,b,0.9968482142857141,0.048421986530512655,20.58668563004039,2.506309253074193e-4
hugg,2011,cc,xs,114.17192415176261,6.381750426999642,17.890377484636318,3.808455421033642e-4
hugg,2011,cc,c,7.535048018546568e-4,0.040290763531383764,0.01870167591308434,0.9862533692995532
hugg,2012,cc,a,48.68816666666667,2.8132947910600574,17.306457475194353,4.2038837467416236e-4
hugg,2012,cc,b,0.733955357142857,0.03891372812052742,18.861090740768358,3.2538143319198653e-4
hugg,2012,cc,xs,123.2183277641209,6.890248486640846,17.88300204310812,3.8131344251476624e-4
hugg,2012,cc,c,-3.5997350700955075e-4,0.03237917173928324,-0.011117440245477981,0.9918277363908257
hugg,2012,cs,a,68.502,1.1554454645652568,59.286225183959054,1.0572183983272585e-5
hugg,2012,cs,b,0.6008928571428572,0.015982218006114757,37.597588577064656,4.138908712559945e-5
hugg,2012,cs,xs,116.75876801637794,3.4795022010037937,33.55617018511857,5.817907798081755e-5
hugg,2012,cs,c,3.571034330495957e-5,0.013298416949201856,0.0026853078408782204,0.9980260194221005
hugg,2013,cc,a,38.24433333333334,0.6975866031878731,54.82377837900282,1.3367307132169289e-5
hugg,2013,cc,b,1.1246964285714285,0.009649076059585836,116.56001275418524,1.3922169674423435e-6
hugg,2013,cc,xs,112.17267533740225,1.1296058371533924,99.30249264653013,2.2512916903185438e-6
hugg,2013,cc,c,-2.679103653825895e-4,0.00802876275156804,-0.03336882327607275,0.9754764722629381
hugg,2013,cs,a,77.849,0.031125203351378656,2501.156349764114,1.409444482348064e-10
hugg,2013,cs,b,1.1307499999999997,7.860300841275039e-4,1438.558170779349,7.407773693452878e-10
hugg,2013,cs,xs,73.50977879350064,0.04694208838523857,1565.9673721848421,5.742777382768226e-10
hugg,2013,cs,c,1.6328642384113204e-4,2.1346289568310262e-4,0.7649405453748725,0.49997518066951635
hugg,2014,cc,a,21.27216666666667,3.074951974577448,6.91788582148176,0.006191690406396437
hugg,2014,cc,b,1.1732589285714283,0.042532992099735975,27.584678872820504,1.0457215209543167e-4
hugg,2014,cc,xs,118.58835948395415,4.735397452477594,25.04295799329534,1.3961321046027596e-4
hugg,2014,cc,c,8.081465945466369e-4,0.03539067373646088,0.02283501581700752,0.9832158060614973
hugg,2014,cs,a,58.619,0.04674872090100313,1253.91666061054,1.1185714571543867e-9
hugg,2014,cs,b,1.1159464285714285,0.0011805834843177363,945.2499068427492,2.6111334387617643e-9
hugg,2014,cs,xs,92.1898098289203,0.08376239179234213,1100.6110004292957,1.654123408726878e-9
hugg,2014,cs,c,0.0011947621914510324,3.2061211682227637e-4,3.726503549812249,0.03365582583168274
hugg,2015,cc,a,33.893,2.2692187487650846,14.935977423262816,6.513365334019195e-4
hugg,2015,cc,b,1.1581607142857144,0.031388022938817164,36.898173438424244,4.378334882284519e-5
hugg,2015,cc,xs,121.95180722743285,3.6433002866786612,33.47289480181928,5.8613449550897446e-5
hugg,2015,cc,c,0.037019152224307225,0.026117214525030397,1.4174234464716196,0.2513675802627059
hugg,2015,cs,a,85.587,0.12449953007807982,687.4483778880464,6.788083299378954e-9
hugg,2015,cs,b,1.4068571428571428,0.003144087927598172,447.46113189393765,2.4614838276492214e-8
hugg,2015,cs,xs,74.71950316753276,0.15260585203196395,489.62410138690126,1.8787797121972083e-8
hugg,2015,cs,c,0.002543591962673075,8.538427814151234e-4,2.978993344017539,0.058644237458506006
hugg,2016,cc,a,35.609833333333334,2.2938692144895674,15.523916145000118,5.80787215393257e-4
hugg,2016,cc,b,1.1037589285714287,0.031728990236057096,34.7870802177974,5.223076083791851e-5
hugg,2016,cc,xs,123.86929527064831,3.63051568592649,34.11892579085151,5.5353267839531455e-5
hugg,2016,cc,c,-0.032129815652941617,0.026400925164129705,-1.2169958231840912,0.31061042869325506
hugg,2016,cs,a,84.862,0.006008475976820404,14123.714620376613,7.827515511162407e-13
hugg,2016,cs,b,1.1263928571428572,1.5173693242164906e-4,7423.326932778754,5.391069790446316e-12
hugg,2016,cs,xs,74.37766006718734,0.00915642614729272,8123.001143757226,4.114538961795867e-12
hugg,2016,cs,c,-1.2069160144492033e-4,4.120733497465269e-5,-2.9288863625652986,0.061055596564264576
hugg,2017,cc,a,30.881666666666664,1.7141789814502717,18.01542721083851,3.730273573864753e-4
hugg,2017,cc,b,1.1286607142857144,0.023710666598484628,47.60139111221142,2.0413724266833433e-5
hugg,2017,cc,xs,119.27736759975247,2.7441053502255817,43.466759608900276,2.6802299800145733e-5
hugg,2017,cc,c,0.001578043934209189,0.019729072050545422,0.07998571499796227,0.9412855191890821
hugg,2017,cs,a,70.248,0.0045516854744425544,15433.403822482547,5.999092796611493e-13
hugg,2017,cs,b,1.312535714285714,1.1494741660023715e-4,11418.575145976843,1.4812726050153418e-12
hugg,2017,cs,xs,72.92140650982442,0.005886921727867746,12387.018187217633,1.160300314776637e-12
hugg,2017,cs,c,1.4396447922949865e-4,3.1216373131589144e-5,4.611825935788005,0.01917900681984901
hugg,2018,cc,a,26.122833333333336,1.572890658931741,16.608168651135077,4.7518879429614153e-4
hugg,2018,cc,b,1.130205357142857,0.02175635474088516,51.94828686162866,1.5710065825269206e-5
hugg,2018,cc,xs,131.6848084465914,2.4729299464954813,53.25052116142993,1.4586398297015338e-5
hugg,2018,cc,c,-0.011772932994811882,0.01810293643400061,-0.6503327809680738,0.5618402158561712
hugg,2018,cs,a,63.122,0.013440880634286138,4696.269665469914,2.129176161407662e-11
hugg,2018,cs,b,1.2171607142857142,3.394334943436668e-4,3585.8591876421406,4.782895920350794e-11
hugg,2018,cs,xs,92.52638301328872,0.022134641667138463,4180.161775587055,3.019196557187978e-11
hugg,2018,cs,c,6.706614990969277e-4,9.218025881905037e-5,7.275543675934286,0.0053591935448047846
hugg,2019,cc,a,28.805,0.30715945690910035,93.77865259256676,2.6728896583063674e-6
hugg,2019,cc,b,1.4741785714285711,0.007756947674500071,190.04621834368382,3.2125490189252416e-7
hugg,2019,cc,xs,101.05442051000814,0.4527314082238857,223.21053647781048,1.9828747967469567e-7
hugg,2019,cc,c,0.007992474413004323,0.0021065612445343783,3.794085946345667,0.032133563736027465
klad,2000,cc,a,86.53466666666667,2.1250060742693297,40.7220796751939,3.258658766629786e-5
klad,2000,cc,b,0.7170357142857142,0.029393261200838273,24.39456137195368,1.5099782172909868e-4
klad,2000,cc,xs,115.25022393618097,5.566094949186001,20.70575960135848,2.4635562445780287e-4
klad,2000,cc,c,0.024859145601059722,0.02445742154161543,1.016425446106849,0.3842659768290494
klad,2002,cc,a,73.04899999999999,0.6798474383738644,107.44910678008408,1.7771615742803243e-6
klad,2002,cc,b,0.9089999999999999,0.009403706452799105,96.66401270207953,2.4406695848522053e-6
klad,2002,cc,xs,113.46901649480422,1.374146406887485,82.57418272614605,3.914791572052901e-6
klad,2002,cc,c,0.00964438679766009,0.007824596637924537,1.232573031421879,0.3055213191421565
klad,2003,cc,a,24.6,0.69928408298426,35.17883589601698,5.050849692535202e-5
klad,2003,cc,b,1.3496964285714288,0.01765958989478526,76.4285261782882,4.936699597728437e-6
klad,2003,cc,xs,108.23210511473454,1.2035284152854149,89.92899855136986,3.030945893521929e-6
klad,2003,cc,c,0.01204776866345564,0.0047958306833780565,2.512133863526956,0.08677454401864661
klad,2004,cc,a,24.66833333333333,2.7220762007500268,9.062322842592115,0.002838148005121485
klad,2004,cc,b,1.2684821428571431,0.03765198497361577,33.689648600094216,5.749174744979384e-5
klad,2004,cc,xs,137.8838273458703,3.947591996282263,34.92859127177419,5.15997385157796e-5
klad,2004,cc,c,0.026312175736836464,0.03132930579176523,0.8398582436433207,0.4626447193857801
klad,2004,cs,a,94.292,0.02484473458995111,3795.2508471609135,4.0341234099694465e-11
klad,2004,cs,b,1.1235892857142857,6.274242966190865e-4,1790.7965817849486,3.840002333117909e-10
klad,2004,cs,xs,102.66280825279593,0.04863322497404157,2110.9603220348463,2.344391748858894e-10
klad,2004,cs,c,0.003746801625526773,1.7039017956533927e-4,21.989539743926336,2.0587252145701663e-4
klad,2005,cc,a,36.156,1.3370409215870547,27.041805090814407,1.1097618658553832e-4
klad,2005,cc,b,1.1610892857142858,0.03376538222778991,34.386972961872026,5.4071482626014976e-5
klad,2005,cc,xs,109.57428487437662,2.811158350731271,38.97833960362741,3.715118224013976e-5
klad,2005,cc,c,0.053212484948826064,0.009169695167827232,5.803081124825964,0.010183852842973623
klad,2006,cc,a,44.806,0.3175913384019993,141.0806737534059,7.852168768776745e-7
klad,2006,cc,b,1.1854464285714286,0.008020392465363043,147.8040424693568,6.828734796655047e-7
klad,2006,cc,xs,108.8285325371169,0.6308092868265746,172.52208363101767,4.294218470780578e-7
klad,2006,cc,c,0.02030572697170384,0.002178105182922767,9.322656743535171,0.0026130576567606387
klad,2007,cc,a,34.95283333333334,7.35469941410273,4.75244892623495,0.01768030955625878
klad,2007,cc,b,1.2292767857142857,0.10173081552564758,12.08362264042177,0.0012197589908803867
klad,2007,cc,xs,117.18616494779432,10.834713968518674,10.815806055267378,0.0016907835599847313
klad,2007,cc,c,0.001675074511535443,0.08464775045145796,0.0197887658278176,0.9854544411921421
klad,2008,cc,a,32.41366666666667,4.053395283174447,7.99667054462097,0.004081488486629032
klad,2008,cc,b,1.0519107142857143,0.05606690152617976,18.761705848762432,3.305444715908143e-4
klad,2008,cc,xs,166.6416002007593,7.264137174150652,22.940315718947534,1.8143022069177112e-4
klad,2008,cc,c,-0.017096699414946487,0.046651912347817744,-0.3664737103911288,0.7383327362389132
klad,2008,cs,a,81.629,0.0719701425754887,1134.206451159663,1.5114479336822628e-9
klad,2008,cs,b,1.4616428571428572,0.0018175205663603826,804.1960482845171,4.240162730302549e-9
klad,2008,cs,xs,90.48448270299505,0.09715450579109171,931.3462300715214,2.7298291102804703e-9
klad,2008,cs,c,0.0041939908187839355,4.935856920661399e-4,8.496986209685238,0.0034232150259313056
klad,2009,cc,a,19.8355,2.7787621182712203,7.138250471163204,0.005660209698796862
klad,2009,cc,b,1.1185089285714287,0.03843606931120173,29.100502434713135,8.910993565118967e-5
klad,2009,cc,xs,117.36150926810092,4.573791970476907,25.659564323355898,1.298235286473188e-4
klad,2009,cc,c,0.02002610663428617,0.03198172339991996,0.626173467385322,0.5756070870056811
klad,2010,cc,a,29.738166666666668,7.789712249625105,3.8176206917139814,0.03162422910500179
klad,2010,cc,b,1.242580357142857,0.10774794933766414,11.532287758431643,0.0013998827199526072
klad,2010,cc,xs,124.95647843568238,11.29368360636848,11.064280069367246,0.0015815213262401694
klad,2010,cc,c,0.0032599624682637146,0.08965446192546744,0.03636140799075704,0.9732783904390447
klad,2010,cs,a,74.11,0.09055651628116149,818.3839556051598,4.023435951479818e-9
klad,2010,cs,b,1.179946428571429,0.002286897383679976,515.9594990977297,1.60552856096778e-8
klad,2010,cs,xs,96.22728677211599,0.15921888022209826,604.3710811047422,9.989768855343294e-9
klad,2010,cs,c,0.002452212522576791,6.2105477577529e-4,3.9484641584401086,0.02897379581557425
klad,2011,cc,a,41.34533333333333,2.404630744209602,17.194046708790406,4.2862065631330904e-4
klad,2011,cc,b,1.0097142857142858,0.03326105295036478,30.35725559323317,7.852162732008972e-5
klad,2011,cc,xs,157.15945710715621,4.475828308764063,35.11293245976935,5.079287522635071e-5
klad,2011,cc,c,0.008807925819626935,0.027675717483906258,0.31825465138343184,0.7711600920898364
klad,2011,cs,a,94.832,0.0904802028382954,1048.0966777835595,1.9154256090966182e-9
klad,2011,cs,b,1.1833749999999998,0.0022849701782176077,517.8951617316477,1.5875936587632325e-8
klad,2011,cs,xs,92.51221474208475,0.15368415016855813,601.9632775443592,1.0110122944475852e-8
klad,2011,cs,c,0.004077833383503865,6.205314028575347e-4,6.571518161249413,0.007168109004575777
klad,2012,cc,a,40.08266666666667,4.754667135261736,8.430173033439951,0.0035025788282920596
klad,2012,cc,b,1.1624107142857143,0.06576695225581582,17.674693359124323,3.948506366575615e-4
klad,2012,cc,xs,133.17185157729622,7.601448640576708,17.51927269052662,4.053702786019081e-4
klad,2012,cc,c,0.03886952202229823,0.054723089889117546,0.7102947238735505,0.5287582537786361
klad,2012,cs,a,73.45483333333333,1.485720428554367,49.44054878804232,1.8221396147699524e-5
klad,2012,cs,b,1.0720446428571428,0.020550608846111474,52.166076970512336,1.5514292809044126e-5
klad,2012,cs,xs,115.30504196061736,2.512782256655088,45.887398979849,2.2784967531093703e-5
klad,2012,cs,c,1.3947455569055434e-4,0.01709966444525948,0.00815656682252737,0.9940041540086393
klad,2013,cc,a,27.852,4.176550544033845,6.668661065238696,0.006874949512033225
klad,2013,cc,b,1.1378035714285715,0.10547382898766772,10.787544003561361,0.0017038387311014054
klad,2013,cc,xs,106.90294350177903,9.088424321545226,11.762538776755006,0.0013206304066811078
klad,2013,cc,c,0.09207815322095118,0.028643622437789226,3.21461272647811,0.04878421479488302
klad,2015,cc,a,29.87,0.7474100165515922,39.96467713640567,3.447178677265317e-5
klad,2015,cc,b,1.4173392857142857,0.01887495325108502,75.09100906688658,5.205107690577473e-6
klad,2015,cc,xs,93.8437226781567,1.0707800573760167,87.64052153541593,3.2745556143851498e-6
klad,2015,cc,c,0.0025565547862733433,0.0051258880012615814,0.498753540000118,0.6522289991028736
klad,2016,cc,a,32.478,0.3295502843660481,98.5524866485172,2.303069461718983e-6
klad,2016,cc,b,1.5161607142857143,0.008322401457756706,182.1782717382146,3.646984410208415e-7
klad,2016,cc,xs,83.1019454779158,0.4009626361749023,207.25608318692878,2.476922911525288e-7
klad,2016,cc,c,-9.166164960869048e-5,0.0022601220361456887,-0.04055606208105743,0.9701979196799624
klad,2017,cc,a,40.502,1.3580499848453933,29.823644528526643,8.280062376843586e-5
klad,2017,cc,b,1.5983035714285716,0.03429594119551665,46.60328644479687,2.175212612774321e-5
klad,2017,cc,xs,105.03456589546958,1.8937724425756992,55.46313988633884,1.2910687584146949e-5
klad,2017,cc,c,-0.006941037025888038,0.009313779543054804,-0.7452438608624683,0.5101988880444782
klad,2018,cc,a,13.40033333333334,0.2227963500684534,60.14610800049522,1.0125492083540039e-5
klad,2018,cc,b,1.4044285714285714,0.0030817376907532777,455.72618839122646,2.329974992103386e-8
klad,2018,cc,xs,114.60583555351654,0.28991179328354044,395.312775156509,3.569753210982258e-8
klad,2018,cc,c,0.009830555248923888,0.002564239376789122,3.8337119919098464,0.031281933887708196
klad,2018,cs,a,78.442,0.16473941256352848,476.15806551301375,2.0427274025518703e-8
klad,2018,cs,b,1.3311250000000003,0.00416029841972712,319.95901873003396,6.732438665258256e-8
klad,2018,cs,xs,75.17892720543423,0.21453777178501304,350.4228023807881,5.124847406883202e-8
klad,2018,cs,c,0.004520319084888686,0.0011298159771665065,4.000933936361306,0.02799134674632844
klad,2019,cc,a,19.9945,2.6467131658432215,7.554464253261805,0.004809731864200611
klad,2019,cc,b,1.187544642857143,0.03660955719106682,32.438104527167525,6.439030460282561e-5
klad,2019,cc,xs,122.72844737910566,3.9205348104296673,31.304006548447237,7.162717174183883e-5
klad,2019,cc,c,-0.026966111049784688,0.03046192685309327,-0.8852398333116739,0.4412251961303395
masa,2000,cc,a,52.145833333333336,0.38183039487358633,136.5680522908539,8.656445071031154e-7
masa,2000,cc,b,0.5821339285714285,0.005281509858647148,110.22111936766153,1.6464464708840127e-6
masa,2000,cc,xs,112.15137827890221,1.1932076276376666,93.99150297165086,2.6547768233321727e-6
masa,2000,cc,c,-8.24539132354585e-4,0.004394616579171797,-0.1876248172053218,0.8631437195595589
masa,2001,cc,a,44.432,0.6537762787640645,67.9620864862163,7.0199212953481926e-6
masa,2001,cc,b,0.37733928571428565,0.016510344289034893,22.854719387341312,1.8346699394485992e-4
masa,2001,cc,xs,104.40869588978784,4.022011038272753,25.959326042681873,1.2539357884394387e-4
masa,2001,cc,c,0.015477743076460004,0.004483729022375019,3.4519800369785694,0.04087775615950152
masa,2002,cc,a,93.88199999999999,2.835117712684197,33.113968982654896,6.053590647173719e-5
masa,2002,cc,b,0.9802500000000003,0.03921558459201273,24.996439813360674,1.403911304218407e-4
masa,2002,cc,xs,115.08126112862126,5.2763398975745455,21.810812677462724,2.1094943280300976e-4
masa,2002,cc,c,0.005824207969974678,0.032630339206470245,0.17849057385280875,0.8697107922493414
masa,2002,cs,a,151.196,0.13931854933151322,1085.253907146449,1.7253425953183504e-9
masa,2002,cs,b,0.9363035714285712,0.003518324677763769,266.12199190885406,1.1700552613203642e-7
masa,2002,cs,xs,73.48903051501766,0.2553021359728247,287.85121689244346,9.245867553555231e-8
masa,2002,cs,c,0.005970085791691769,9.55474591665816e-4,6.248293616351704,0.008270320843376984
masa,2003,cc,a,78.748,0.9566282987263411,82.31828402405137,3.951401344181003e-6
masa,2003,cc,b,0.7361964285714285,0.02415851275372665,30.473582379687844,7.762813755162676e-5
masa,2003,cc,xs,89.63769690287465,2.4980507610673808,35.8830566215451,4.7598091219054283e-5
masa,2003,cc,c,-0.011630286724864646,0.006560748999234413,-1.7727071598413242,0.17439110192815843
masa,2003,cs,a,83.936,0.34227398379359236,245.23044103351262,1.4952768553766283e-7
masa,2003,cs,b,1.104714285714286,0.008643723391577983,127.80537225319647,1.0561551194857313e-6
masa,2003,cs,xs,91.96067663011765,0.6208660437730797,148.1167758366382,6.785576258591989e-7
masa,2003,cs,c,0.005830787176399778,0.0023473837222122216,2.4839514397350966,0.08895840496085552
masa,2004,cc,a,20.369833333333332,2.34470575969088,8.687586171161554,0.003209494683549617
masa,2004,cc,b,0.47799107142857145,0.03243216556799782,14.738179306170824,6.77622625984784e-4
masa,2004,cc,xs,146.41086830235727,8.819307747872255,16.601174659959035,4.757844510662733e-4
masa,2004,cc,c,-0.006085715862677997,0.02698602034609778,-0.22551364686708988,0.8360691245507968
masa,2004,cs,a,49.027,0.12296315683566916,398.71292557591727,3.479204580252613e-8
masa,2004,cs,b,0.9550357142857142,0.0031052886440930947,307.55134988896793,7.580560259767105e-8
masa,2004,cs,xs,90.1686340134082,0.25464594563061294,354.0941277903006,4.9670908430064514e-8
masa,2004,cs,c,0.007640916616496066,8.433060251577384e-4,9.060668830234968,0.0028396586499474007
masa,2005,cc,a,70.0565,4.620093911404418,15.163436359393005,6.227583995664129e-4
masa,2005,cc,b,1.1258660714285715,0.06390552420279859,17.6176642860441,3.986679791198039e-4
masa,2005,cc,xs,139.053513634674,7.426060367256633,18.725071808976388,3.324751058692591e-4
masa,2005,cc,c,0.003943812782867993,0.053174240639251635,0.07416773113176887,0.9455454530400609
masa,2005,cs,a,116.647,1.7713066424906778,65.8536456657667,7.715620843654918e-6
masa,2005,cs,b,0.9806785714285713,0.024500861169260608,40.026289878290285,3.431308121325703e-5
masa,2005,cs,xs,120.74707594792332,3.259368197601971,37.04616006156073,4.326165411424123e-5
masa,2005,cs,c,0.001500441549839955,0.020386573835914263,0.07359949552664329,0.9459616499786904
masa,2006,cc,a,62.505,0.23382161289888426,267.3191721888865,1.1544059187673705e-7
masa,2006,cc,b,1.115392857142857,0.005904887431027751,188.89316183775614,3.2717357603299626e-7
masa,2006,cc,xs,85.02252186534297,0.3960166387795794,214.6943172068738,2.2283077994351716e-7
masa,2006,cc,c,0.0079878085490668,0.0016035955813435221,4.981186430043955,0.015552272890755173
masa,2007,cc,a,43.70633333333333,5.528092572999842,7.906223124193434,0.004217940479269538
masa,2007,cc,b,1.1155,0.07646503739829037,14.588366630746467,6.984780057437743e-4
masa,2007,cc,xs,128.0943952575557,9.34052750035477,13.713828823124866,8.389638126537214e-4
masa,2007,cc,c,0.053061651396401364,0.06362470772015054,0.833978705722152,0.46548545167184946
masa,2007,cs,a,76.775,0.8809475517602795,87.15047774023641,3.3300873047690604e-6
masa,2007,cs,b,1.1911071428571427,0.022247285275692166,53.53943764808781,1.435172714314178e-5
masa,2007,cs,xs,100.05124651203386,1.6089583089274389,62.18386514858167,9.162910180085541e-6
masa,2007,cs,c,0.018360889524382952,0.006041715237030246,3.0390193519627204,0.05591062862471778
masa,2008,cc,a,36.285833333333336,2.4750544826602345,14.66062003383968,6.883146608029152e-4
masa,2008,cc,b,0.6348125,0.0342351599724968,18.542705817936408,3.423125773019175e-4
masa,2008,cc,xs,135.7489927012257,7.070320402994048,19.199836070192866,3.0856960243069536e-4
masa,2008,cc,c,0.005198035103212281,0.02848624837070186,0.18247524333735946,0.8668442317460632
masa,2008,cs,a,86.047,0.0042235515883378896,20373.13815169058,2.6079361338939516e-13
masa,2008,cs,b,0.6438035714285713,1.066607846001763e-4,6035.991333102448,1.0028243727174989e-11
masa,2008,cs,xs,87.59351463318495,0.012616978043986536,6942.511457799794,6.590538448937099e-12
masa,2008,cs,c,0.0017351557796508902,2.8965965039185497e-5,59.90326154518074,1.0249054730322846e-5
masa,2009,cc,a,24.613,0.18870179805902595,130.43330934398966,9.936039627795129e-7
masa,2009,cc,b,0.7687321428571429,0.0047654400367725626,161.31398924867673,5.252844850658615e-7
masa,2009,cc,xs,97.23203009582197,0.5105924211375891,190.42983418984377,3.193174599991786e-7
masa,2009,cc,c,-0.0032666503612282256,0.0012941548294335423,-2.524157300914338,0.08586288584784706
masa,2009,cs,a,54.167,0.5666049382666212,95.59923739053474,2.5231113502306127e-6
masa,2009,cs,b,1.1188749999999998,0.014308935503646895,78.19414656770478,4.609909171802465e-6
masa,2009,cs,xs,80.00125079159191,0.9032567267408839,88.56978135136742,3.1725959128878535e-6
masa,2009,cs,c,-0.008376222907886807,0.003885890461993766,-2.1555478698669104,0.12007819669948452
masa,2010,cc,a,31.253,4.347642840086381,7.188492971832766,0.005547527045209006
masa,2010,cc,b,0.924375,0.06013695826754455,15.371163201961911,5.980984066511311e-4
masa,2010,cc,xs,128.96282724955205,8.529217449830886,15.120124209297662,6.280697536585652e-4
masa,2010,cc,c,0.009398001986974163,0.05003850809647233,0.18781539147520496,0.8630068614542414
masa,2011,cc,a,67.682,0.09232600363233927,733.0762443647334,5.597838928412646e-9
masa,2011,cc,b,1.158375,0.002331583687438605,496.81896740002907,1.798332149124614e-8
masa,2011,cc,xs,83.16519703676454,0.14797072842614487,562.0381674222408,1.2421337708041331e-8
masa,2011,cc,c,0.006680896297411268,6.331902754085894e-4,10.551166934931482,0.001818447562168991
masa,2012,cc,a,54.198,3.1653836079293365,17.122095364439605,4.340028206759172e-4
masa,2012,cc,b,1.3925535714285715,0.07993800765084186,17.420418801417377,4.122559213509076e-4
masa,2012,cc,xs,110.3811233343835,5.143716057348539,21.459412242767208,2.2142801746015335e-4
masa,2012,cc,c,-0.050990687086092785,0.021708836510026964,-2.3488447693887697,0.1004110927585909
masa,2013,cc,a,22.81566666666667,1.4996387724903608,15.214108280741534,6.166200685308907e-4
masa,2013,cc,b,1.0306964285714284,0.020743128539936075,49.68857164371622,1.7950159942189636e-5
masa,2013,cc,xs,132.79921404970722,2.5415444819186366,52.25138296594196,1.54384971122868e-5
masa,2013,cc,c,-0.029036703830444734,0.017259855424911534,-1.682326016968567,0.191095772767474
masa,2014,cc,a,6.929333333333332,0.4617202861987828,15.007643243013305,6.421475572314426e-4
masa,2014,cc,b,0.7642500000000001,0.006386553496621459,119.66548160980642,1.2866336223289248e-6
masa,2014,cc,xs,131.61634290421765,1.0808449553539372,121.77171411335135,1.2210292301193425e-6
masa,2014,cc,c,-0.0027229826691687786,0.0053140966562939375,-0.5124074410546745,0.6437062171688892
masa,2015,cc,a,33.17933333333333,0.3601052559773746,92.13787575324363,2.818201386642682e-6
masa,2015,cc,b,1.3604285714285715,0.004981005926007609,273.1232589636741,1.0823649739610259e-7
masa,2015,cc,xs,114.3729334912385,0.48106469623741854,237.74958833144626,1.6409062384802757e-7
masa,2015,cc,c,0.0015476321889832804,0.004144574526836729,0.37341159604252133,0.7336679825202443
masa,2016,cc,a,10.566500000000005,3.8688497011590828,2.7311735570483258,0.07186969347954195
masa,2016,cc,b,1.3207767857142856,0.05351425164845955,24.680841925821927,1.4582437489182306e-4
masa,2016,cc,xs,118.08490640369477,5.342193059096036,22.10420048422514,2.0270087951304797e-4
masa,2016,cc,c,0.012451098355226783,0.044527914140168184,0.2796245590133038,0.7979363844181744
masa,2017,cc,a,30.662500000000005,0.9405294532038277,32.60131822087123,6.343021801172374e-5
masa,2017,cc,b,1.0915446428571427,0.013009481817414261,83.90377558282302,3.731678248091828e-6
masa,2017,cc,xs,114.74874854798772,1.5771259410242813,72.75813907002437,5.721774476308239e-6
masa,2017,cc,c,0.009555745667292122,0.010824875085225573,0.882758054209269,0.44237344883853646
masa,2018,cc,a,18.474,1.7529412298149454,10.538858739691042,0.0018246917391368273
masa,2018,cc,b,1.633732142857143,0.04426845109370124,36.905111936242996,4.375870187149615e-5
masa,2018,cc,xs,94.31856708777464,2.190481281369896,43.058376207072236,2.7571168050589944e-5
masa,2018,cc,c,0.0048447659542444265,0.012022023009916288,0.4029909067923304,0.7139550354989157
masa,2019,cc,a,16.774833333333326,6.063103507979903,2.7667073984891184,0.06976005282496371
masa,2019,cc,b,0.6980625,0.08386535325977837,8.32361008291119,0.0036342704310261993
masa,2019,cc,xs,121.6899254882796,14.899128738257266,8.167586684166979,0.0038391537068522045
masa,2019,cc,c,-0.03459278066011704,0.06978233151455797,-0.4957240595049523,0.6541297690461282
rand,2000,cc,a,89.696,0.09117438043388121,983.78513320468,2.3161589739938234e-9
rand,2000,cc,b,0.8914642857142857,0.0023025008098314097,387.1721920391243,3.799687186168207e-8
rand,2000,cc,xs,79.76685370242399,0.18509177531041168,430.95839114757786,2.7552201389942617e-8
rand,2000,cc,c,0.00800483518964471,6.25292212224761e-4,12.801750978416752,0.0010284992809608646
rand,2001,cc,a,73.267,3.514283346848983,20.848347378048924,2.413628738201512e-4
rand,2001,cc,b,0.7934464285714287,0.08874905662742401,8.940336480447149,0.002952477580457274
rand,2001,cc,xs,76.5531307017236,7.3383736666949275,10.431893247567723,0.0018801736878763945
rand,2001,cc,c,-0.04305506848284163,0.02410166099159194,-1.7863942446896808,0.17200994668962394
rand,2002,cc,a,78.725,0.24903460642985364,316.1207236560302,6.980655385490116e-8
rand,2002,cc,b,1.0093928571428574,0.006289073534166876,160.49945221010577,5.333218693944101e-7
rand,2002,cc,xs,76.68207436520892,0.43571942064171876,175.98957203301407,4.045381308436814e-7
rand,2002,cc,c,0.010002107164358849,0.0017079293463142537,5.856276892216648,0.009926553229939114
rand,2003,cc,a,62.892,0.5005258801202747,125.6518443859232,1.111386521579677e-6
rand,2003,cc,b,1.0698392857142855,0.012640187285443262,84.6379299257961,3.635443833157117e-6
rand,2003,cc,xs,93.4106619342038,0.9560185722511149,97.70799924341624,2.3632879580717272e-6
rand,2003,cc,c,0.012726915261890378,0.0034327070100917067,3.7075448689547117,0.0340993802459642
rand,2003,cs,a,57.649,0.23899384371241383,241.21541837441728,1.5711899167722882e-7
rand,2003,cs,b,1.3631428571428572,0.006035505983960202,225.85394841219755,1.9140665545641603e-7
rand,2003,cs,xs,79.94378912837068,0.3162309675861831,252.8018989999246,1.3649139948350916e-7
rand,2003,cs,c,0.005688647652016761,0.00163906777903917,3.4706604112195256,0.040327052987281925
rand,2004,cc,a,25.1495,3.2328790737471325,7.779288809231573,0.0044197855671222076
rand,2004,cc,b,0.9746517857142859,0.04471745290330396,21.79578044889658,2.113840057824134e-4
rand,2004,cc,xs,119.49666986746152,5.99718377563321,19.925464074151126,2.762621724456676e-4
rand,2004,cc,c,0.002246550391875601,0.037208310723011874,0.06037765080493692,0.9556519915442891
rand,2005,cc,a,35.0795,2.638661076824982,13.294431902641344,9.197830565837567e-4
rand,2005,cc,b,1.1964196428571428,0.036498180024388885,32.78025485264386,6.239943871993276e-5
rand,2005,cc,xs,114.5940244153197,4.128690093724284,27.755540332151735,1.0265873557173368e-4
rand,2005,cc,c,0.03661281598410445,0.03036925260721968,1.205588311890181,0.3143923163643545
rand,2006,cc,a,52.332666666666675,2.767853289638612,18.907312342952814,3.230167759711554e-4
rand,2006,cc,b,1.0138035714285711,0.03828517748398486,26.48031530878124,1.1816152976218263e-4
rand,2006,cc,xs,115.7403720421848,4.9592349202285515,23.338352367637142,1.7234439680202828e-4
rand,2006,cc,c,0.0025891930676674377,0.03185616996097992,0.08127760088042274,0.9403399500837738
rand,2007,cc,a,54.6135,3.882192800320545,14.06769390626109,7.779607268549187e-4
rand,2007,cc,b,0.9123125000000001,0.05369881450859932,16.989434652303217,4.4416435198824724e-4
rand,2007,cc,xs,140.32290433969516,7.760769783475483,18.081054876602042,3.6900962342643315e-4
rand,2007,cc,c,0.009068992162490078,0.04468148443100873,0.2029698045617357,0.8521451175837315
rand,2007,cs,a,84.285,0.2313749725498221,364.2788114511861,4.5620204882058553e-8
rand,2007,cs,b,1.0440535714285715,0.005843100431672519,178.68143524784895,3.865302446607965e-7
rand,2007,cs,xs,92.88300820986362,0.44774743682418683,207.4450919667357,2.4701590829354306e-7
rand,2007,cs,c,0.005544269265502681,0.0015868160304532053,3.493958441999858,0.039653385764678396
rand,2008,cc,a,59.612,0.7500934356391489,79.47276588176655,4.391048911943436e-6
rand,2008,cc,b,1.0966249999999997,0.018942719816569916,57.891633863514166,1.1354212517966151e-5
rand,2008,cc,xs,100.1701583270727,1.488272873429207,67.30631197776616,7.227004863652093e-6
rand,2008,cc,c,0.01596224036724859,0.005144291428294476,3.1029035951294595,0.053174908281123645
rand,2009,cc,a,19.669166666666676,2.790221240843949,7.0493215300437635,0.005867164532681488
rand,2009,cc,b,1.1338660714285713,0.03859457285008148,29.378899355435607,8.66075468139111e-5
rand,2009,cc,xs,129.7002369509183,4.423456729764007,29.321014056316507,8.712006833690117e-5
rand,2009,cc,c,0.0016246274423226924,0.03211361035998648,0.05058999670578853,0.9628321654370096
rand,2010,cc,a,19.175666666666665,4.120115231246763,4.654157854916119,0.01871104994199131
rand,2010,cc,b,1.0269107142857143,0.056989777410979416,18.01920907464141,3.7279425477513927e-4
rand,2010,cc,xs,126.74733757350836,7.229313831912985,17.532416010769463,4.0446633965343675e-4
rand,2010,cc,c,0.003545976377083649,0.04741981504466083,0.07477836794057474,0.9450982259059497
rand,2011,cc,a,50.061,0.23803027125055284,210.3135863224108,2.3704642652105825e-7
rand,2011,cc,b,1.219267857142857,0.006011172104604971,202.8336297689454,2.642486988852774e-7
rand,2011,cc,xs,94.77495581056239,0.40300745058234544,235.16923985800426,1.6955122447797368e-7
rand,2011,cc,c,0.012165845123419602,0.0016324594055745138,7.452464105309901,0.00500164916765086
rand,2012,cc,a,67.61833333333334,2.160617302234854,31.295839972859476,7.168312214035005e-5
rand,2012,cc,b,0.9820000000000002,0.02988583867529709,32.85837184190175,6.195643669680507e-5
rand,2012,cc,xs,114.82044087572487,4.0123586959262685,28.616693964151708,9.36928551802237e-5
rand,2012,cc,c,0.005100231813665902,0.024867283341312576,0.20509806976754766,0.8506231516762655
rand,2012,cs,a,116.71,0.16407002730884185,711.342601170582,6.126764681885725e-9
rand,2012,cs,b,0.7860178571428572,0.004143393889269434,189.70387034128885,3.2299717866996426e-7
rand,2012,cs,xs,81.84556514275629,0.38317781563488423,213.5968258160954,2.262830870020025e-7
rand,2012,cs,c,0.004514185731487231,0.001125225198652392,4.0118064694014794,0.027793153476102016
rand,2013,cc,a,41.115,0.5152107978318945,79.80228708912891,4.336898752215671e-6
rand,2013,cc,b,1.0489285714285714,0.013011037460266573,80.61836534033627,4.206571519075086e-6
rand,2013,cc,xs,94.30039627512896,1.014100009281616,92.98924702893056,2.7415222365480004e-6
rand,2013,cc,c,0.014983914057796444,0.0035334191250360604,4.240627428438319,0.02401142757875466
rand,2014,cc,a,22.51433333333333,1.5847832145892682,14.20656978574096,7.55631884122334e-4
rand,2014,cc,b,1.0711607142857142,0.021920853562333188,48.864918112782796,1.8872300015771796e-5
rand,2014,cc,xs,138.10449843827305,2.6951771927061214,51.241342800028576,1.6368696998702606e-5
rand,2014,cc,c,0.011718236008389482,0.018239811923649887,0.6424537740542995,0.5663025662938541
rand,2014,cs,a,68.021,0.0339939103694069,2000.97603543769,2.7526100640821985e-10
rand,2014,cs,b,1.1524107142857147,8.584758764734043e-4,1342.3914938877338,9.116587479575279e-10
rand,2014,cs,xs,91.61930460204543,0.05911968754293349,1549.7257920301136,5.925234076896159e-10
rand,2014,cs,c,0.009712409692956163,2.331370645558863e-4,41.65965506796522,3.0438525724865377e-5
rand,2015,cc,a,36.18716666666666,4.985860493421781,7.257958122657282,0.005396552376096614
rand,2015,cc,b,0.9954196428571428,0.06896483806262878,14.433726966097943,7.209101245452283e-4
rand,2015,cc,xs,132.4347244360445,9.437530611672091,14.032772966294031,7.837130779859208e-4
rand,2015,cc,c,0.04669814549067227,0.05738397330333843,0.813783758817473,0.4753579683174604
rand,2016,cc,a,53.00816666666667,3.5622526400823595,14.880518599444736,6.585678158826469e-4
rand,2016,cc,b,1.0604196428571429,0.04927337553579424,21.521148720302506,2.1953765769313453e-4
rand,2016,cc,xs,117.82651979562213,6.11822513702408,19.258284413661386,3.057865817009231e-4
rand,2016,cc,c,0.008262501379843296,0.04099918372524354,0.2015284361565473,0.8531763613391314
rand,2017,cc,a,53.739,0.24110270903795572,222.8884122224446,1.9914839213220294e-7
rand,2017,cc,b,1.2779107142857145,0.006088762875828058,209.88019082807878,2.3851785927175147e-7
rand,2017,cc,xs,93.16506399150168,0.3828235870703165,243.36291476833495,1.5299637931469704e-7
rand,2017,cc,c,0.009039546959662914,0.0016535308009803886,5.466814984216388,0.01203037842459906
rand,2018,cc,a,37.258,3.3723044310312282,11.048231487394736,0.0015882905329907488
rand,2018,cc,b,1.046,0.04664599607044795,22.424218327769438,1.9418616838708092e-4
rand,2018,cc,xs,113.80339886326259,5.887159653554878,19.330781830342247,3.0238084548566335e-4
rand,2018,cc,c,0.005243735511646,0.038813004835643976,0.1351025393125556,0.9010860637937403
rand,2019,cc,a,28.192333333333334,4.5098941632352645,6.251218390701433,0.00825938235643442
rand,2019,cc,b,1.15625,0.06238123209774364,18.535222231396453,3.427244957370817e-4
rand,2019,cc,xs,113.8752721701592,7.112026229083224,16.01164963431783,5.297823891645384e-4
rand,2019,cc,c,0.004247764653935278,0.05190591405544193,0.08183585110163247,0.9399313911484537
suth,2000,cc,a,84.6505,0.920292836798337,91.98213505007362,2.83253658720948e-6
suth,2000,cc,b,0.7857232142857145,0.012729567251978357,61.72426750513469,9.368988256437682e-6
suth,2000,cc,xs,160.3757775604005,2.220939995393467,72.21076566365673,5.852819653227145e-6
suth,2000,cc,c,0.006975493983883487,0.010591964947227386,0.6585646779079866,0.5572064601456953
suth,2000,cs,a,125.876,0.20995528357664403,599.5371864697515,1.0233354518066296e-8
suth,2000,cs,b,0.8298928571428571,0.0053021715986781995,156.51942637046008,5.750454717232647e-7
suth,2000,cs,xs,102.18124340568826,0.5555331386031472,183.9336599480213,3.5435690273887885e-7
suth,2000,cs,c,0.004956012944009707,0.0014399155016043377,3.4418776230186934,0.0411795679676434
suth,2001,cc,a,72.949,0.10523468196216273,693.203026225032,6.620429153064198e-9
suth,2001,cc,b,0.7081428571428572,0.002657577043980535,266.4618355079545,1.1655842782684359e-7
suth,2001,cc,xs,96.87296142458008,0.3129276661235943,309.56982047831787,7.433247370928357e-8
suth,2001,cc,c,0.007909486002408124,7.217205839376035e-4,10.959208007141918,0.0016265467926312688
suth,2002,cc,a,70.52133333333333,3.1623713650623646,22.300142896703274,1.974298402980626e-4
suth,2002,cc,b,0.8358035714285714,0.04374218439789198,19.10749504016197,3.130355480122336e-4
suth,2002,cc,xs,164.16760967394498,7.2059210404911775,22.782321475833825,1.8521354616469836e-4
suth,2002,cc,c,0.0016758472237553335,0.03639681339407847,0.04604378975737428,0.9661689068091797
suth,2002,cs,a,98.2925,0.621642456333683,158.11741781555364,5.577878806243047e-7
suth,2002,cs,b,0.9582410714285715,0.008598610288127948,111.44138870342914,1.5929616617171506e-6
suth,2002,cs,xs,112.77701899402743,1.1808467000668745,95.50521586556542,2.5305684686820364e-6
suth,2002,cs,c,2.0923943040071678e-4,0.007154695596785938,0.029245049991324882,0.9785058967672655
suth,2003,cc,a,73.2355,3.999103427934237,18.31297972651592,3.552640697465803e-4
suth,2003,cc,b,0.8691696428571429,0.05531593205767964,15.712826495463057,5.602879077757756e-4
suth,2003,cc,xs,151.07771644135605,8.495720475406833,17.782802162417124,3.8774663857501596e-4
suth,2003,cc,c,0.004576222541119531,0.04602704882108986,0.09942463525974925,0.9270725127872288
suth,2003,cs,a,88.91583333333332,1.4522448197503282,61.226476503197205,9.599221930884485e-6
suth,2003,cs,b,0.9354553571428573,0.020087571433960758,46.568862752684154,2.1800345920035497e-5
suth,2003,cs,xs,123.90305076558637,2.799631857352323,44.256908436084295,2.539392770833404e-5
suth,2003,cs,c,0.002918037310961468,0.01671438221675379,0.1745824208828102,0.8725249213603592
suth,2004,cc,a,56.9671,2.4654591028335897,23.106081919804247,1.7757062507547505e-4
suth,2004,cc,b,0.9758410714285715,0.023532916489557038,41.467068982359685,3.086400154441053e-5
suth,2004,cc,xs,176.4024490934151,5.584403506502098,31.588413854411513,6.971442362905888e-5
suth,2004,cc,c,0.008707104557641376,0.05394477343433166,0.16140775098890264,0.8820299253956987
suth,2004,cs,a,94.6865,0.7043902967254227,134.4233451826063,9.077371969623876e-7
suth,2004,cs,b,0.9601339285714287,0.009743185315884513,98.54415136763363,2.3036537767942066e-6
suth,2004,cs,xs,140.25989915750645,1.3334871025983244,105.18279395744244,1.8945031767961027e-6
suth,2004,cs,c,0.006399216249033944,0.008107068786973155,0.7893378503604811,0.48754785923332744
suth,2005,cc,a,71.8359,0.22397417271793452,320.73296277096955,6.683820215142986e-8
suth,2005,cc,b,0.8378107142857142,0.002137843412746537,391.8952666460072,3.66395821302185e-8
suth,2005,cc,xs,169.5330765203007,0.6162892520076783,275.0868621641783,1.0593526008057088e-7
suth,2005,cc,c,0.005363270777479742,0.004900602889143263,1.0944104019041143,0.3537757487457491
suth,2005,cs,a,151.105,0.10157183114871253,1487.6663961956672,6.69812703599123e-10
suth,2005,cs,b,0.7868928571428571,0.0025650760922424866,306.7717404261975,7.6384999863216e-8
suth,2005,cs,xs,80.27447882626053,0.23328969638199173,344.0978323141113,5.412672263298842e-8
suth,2005,cs,c,0.002699747892835567,6.966000174221829e-4,3.8756069843727152,0.03041277848173189
suth,2006,cc,a,57.634,0.17074885690762084,337.53666667989086,5.7344814419074416e-8
suth,2006,cc,b,0.8469821428571429,0.004312059807115364,196.42170580740344,2.909790950938058e-7
suth,2006,cc,xs,107.12565711500312,0.46139509794232364,232.17770971722436,1.7618956163447502e-7
suth,2006,cc,c,0.0032166240216738454,0.0011710299533983944,2.7468332576284857,0.07093034782771755
suth,2007,cc,a,25.46216666666667,1.202704779330087,21.170753708029025,2.3056025491853307e-4
suth,2007,cc,b,1.1248660714285714,0.016635912788391046,67.61673289207978,7.127977845877298e-6
suth,2007,cc,xs,155.2068295537739,1.9907743109330815,77.96304618830852,4.651009047217481e-6
suth,2007,cc,c,0.004837730433822908,0.013842340562864361,0.3494878927340774,0.7498168692157865
suth,2007,cs,a,48.07816666666667,1.6221166450038238,29.639154998346825,8.435220056565165e-5
suth,2007,cs,b,1.2511696428571428,0.02243725268466307,55.76304997948242,1.2703652850340833e-5
suth,2007,cs,xs,121.38700589209145,2.338544160980098,51.907083012371864,1.5747474158078483e-5
suth,2007,cs,c,0.002044872502483847,0.018669495140229534,0.10953014460886522,0.9196977056841699
suth,2008,cc,a,51.787600000000005,2.6537005978483257,19.51523847188731,2.939402645653385e-4
suth,2008,cc,b,1.0205285714285715,0.025329689908738812,40.28981701337316,3.3645155841962504e-5
suth,2008,cc,xs,170.94841668454558,5.940371565383452,28.77739461294301,9.213648182633915e-5
suth,2008,cc,c,0.006750670241287007,0.05806353767902708,0.11626350221036208,0.9147897834734389
suth,2008,cs,a,95.91116666666666,0.16437840496452016,583.47790080679,1.110178770380703e-8
suth,2008,cs,b,1.010401785714286,0.002273695803227591,444.3874085002863,2.5129138168321438e-8
suth,2008,cs,xs,129.4307214875137,0.2933467873578499,441.2208589474779,2.5674063303949643e-8
suth,2008,cs,c,0.004572966111049898,0.0018918872709283842,2.417145134025802,0.09441010123658872
suth,2009,cc,a,40.76389999999999,4.349565784773672,9.371946998180906,0.0025731281344271266
suth,2009,cc,b,1.032632142857143,0.04151679833637146,24.87263431275935,1.4248985023958822e-4
suth,2009,cc,xs,197.47708060334608,8.169788062564196,24.171628332469286,1.5519708037673677e-4
suth,2009,cc,c,2.5201072386085596e-4,0.09516943133539132,0.002648021747368989,0.9980534284931579
suth,2009,cs,a,84.3951,0.24512613898258717,344.29253587678426,5.403494753390437e-8
suth,2009,cs,b,0.9404214285714285,0.0023397398689172792,401.9341812586247,3.396223363368914e-8
suth,2009,cs,xs,170.44803839997238,0.593553759719054,287.16529144832697,9.312278272316963e-8
suth,2009,cs,c,1.3605898123357333e-4,0.005363412443163405,0.025367987764395035,0.9813545267491395
suth,2010,cc,a,34.79216666666666,8.346674973777802,4.168386426447767,0.025129420985311027
suth,2010,cc,b,1.0524375,0.1154519041773131,9.1158089379249,0.0027898661292646313
suth,2010,cc,xs,157.96601719060777,18.222451998865573,8.668757486667648,0.00322980757294515
suth,2010,cc,c,0.1972873385583399,0.09606473636774296,2.053691562771893,0.13229422609189964
suth,2010,cs,a,92.60700000000001,0.17621446871688398,525.5357331002575,1.51935175988988e-8
suth,2010,cs,b,0.9695357142857143,0.0024374132239331414,397.77240262987465,3.5039420824970196e-8
suth,2010,cs,xs,134.05695334532743,0.3286073261146504,407.95485277329226,3.248067463007643e-8
suth,2010,cs,c,0.005949111380947138,0.002028112575924056,2.933324043038677,0.06083708303189755
suth,2011,cc,a,60.93866666666667,3.512369149661915,17.34973292102066,4.172752447886535e-4
suth,2011,cc,b,1.078767857142857,0.04858338293704753,22.204461524235203,1.9998065938103685e-4
suth,2011,cc,xs,149.67092563056866,5.982728211006073,25.01716948385318,1.400437583931823e-4
suth,2011,cc,c,0.003494149464620901,0.04042505757663972,0.08643523779765876,0.9365662614409931
suth,2011,cs,a,92.47183333333334,0.21349683871969438,433.12975446321263,2.7139906955184162e-8
suth,2011,cs,b,0.939544642857143,0.0029531060743903832,318.1547222448132,6.847628319768462e-8
suth,2011,cs,xs,138.4882119125482,0.41105845333867436,336.9063713146574,5.7667257708821604e-8
suth,2011,cs,c,0.0034280273760902242,0.0024572081207651407,1.3950903658184166,0.25733130964032574
suth,2012,cc,a,60.583,0.10772756338283193,562.3723223434091,1.2399209197926858e-8
suth,2012,cc,b,1.0310535714285716,0.0027205318067394313,378.98971402370535,4.0511431686598236e-8
suth,2012,cc,xs,72.66476770111018,0.177627165866755,409.085892614077,3.221201513973931e-8
suth,2012,cc,c,0.0036495522275737753,7.388172653839294e-4,4.939722443650895,0.015912247842202812
suth,2013,cc,a,64.52,2.8983164994718673,22.26119887588428,1.984628100231942e-4
suth,2013,cc,b,1.022357142857143,0.04008975548033115,25.501705625486597,1.3224041301234627e-4
suth,2013,cc,xs,149.82432632195395,5.21760452388114,28.715155707222213,9.27351438057325e-5
suth,2013,cc,c,0.004648691908599179,0.03335771565404872,0.13935882051428647,0.8979961673033594
suth,2013,cs,a,98.65633333333334,0.6671984145598054,147.86655840365478,6.820078124336063e-7
suth,2013,cs,b,0.9296607142857144,0.009228744100736139,100.73534428282167,2.1566072978913145e-6
suth,2013,cs,xs,128.76455611907764,1.290587939168743,99.77201259296893,2.2196653796945136e-6
suth,2013,cs,c,0.0016823600838943486,0.007679014697592087,0.21908541006203403,0.8406426313094213
suth,2014,cc,a,27.15416666666667,0.6130089744486427,44.29652386588611,2.5325940551235954e-5
suth,2014,cc,b,1.1328482142857141,0.00847919124684029,133.60333330231958,9.245518727145197e-7
suth,2014,cc,xs,152.08710810049905,1.0037114280327948,151.5247349515381,6.337997381761813e-7
suth,2014,cc,c,0.00866442212164702,0.007055329901604606,1.228067608812517,0.3069843880293349
suth,2014,cs,a,65.166,1.008966589638185,64.58687598701212,8.178303782905466e-6
suth,2014,cs,b,1.3948214285714287,0.025480254197279475,54.74126819034457,1.3427794466038128e-5
suth,2014,cs,xs,94.77799324160907,1.4999445379565168,63.187665172428304,8.733380428513357e-6
suth,2014,cs,c,0.020025718693558115,0.006919695509784741,2.894017325652683,0.06280719852189981
suth,2015,cc,a,37.12733333333333,4.81696467548776,7.707620012715551,0.0045394060429572725
suth,2015,cc,b,1.0825714285714285,0.06662865702654829,16.247835044012312,5.072164905655509e-4
suth,2015,cc,xs,156.01295078000763,8.44928876885604,18.464625254029567,3.466430241640134e-4
suth,2015,cc,c,0.023544762115023467,0.05544009358184231,0.42468835447158815,0.6996815906855784
suth,2015,cs,a,104.08333333333333,1.3521960893309084,76.97355003062883,4.832617034110543e-6
suth,2015,cs,b,0.8960535714285714,0.018703689052805016,47.907852236999695,2.0024877276742156e-5
suth,2015,cs,xs,116.66816885132813,2.732359297587053,42.698692281925666,2.8272885951504033e-5
suth,2015,cs,c,5.027044927695983e-4,0.01556288716730432,0.032301493120487156,0.9762605085152399
suth,2016,cc,a,64.28733333333332,3.133090759348043,20.51882255294472,2.5311178615231895e-4
suth,2016,cc,b,1.0368035714285715,0.04333717261825471,23.924116613732288,1.6004354192500112e-4
suth,2016,cc,xs,143.84791566982977,5.502152936378688,26.143932626581098,1.227652078721291e-4
suth,2016,cc,c,0.004071199911689921,0.03605981289058803,0.1129013043978535,0.917239859213868
suth,2016,cs,a,100.15966666666667,0.058879624233865856,1701.092151485874,4.480089428821017e-10
suth,2016,cs,b,0.9728214285714283,8.14427871745404e-4,1194.4844501534192,1.293981742956828e-9
suth,2016,cs,xs,116.7117925430603,0.10972879710292528,1063.6386766692156,1.832681521374747e-9
suth,2016,cs,c,0.0018444640688819556,6.776657288354917e-4,2.7217903907454537,0.07243994492502064
suth,2017,cc,a,48.244166666666665,5.893151583493306,8.186479845826193,0.0038135446797599795
suth,2017,cc,b,1.1553303571428573,0.08151456406980515,14.173299830855846,7.609027114687481e-4
suth,2017,cc,xs,163.0297563858304,9.754173814397657,16.71384573290976,4.663081341088702e-4
suth,2017,cc,c,0.01100943812782849,0.06782629670161902,0.16231813711223445,0.8813722335330529
suth,2017,cs,a,93.21833333333333,1.3986316742211171,66.64966556348412,7.442605102611879e-6
suth,2017,cs,b,1.0866607142857143,0.019345989934773513,56.169816998224135,1.2429864627009798e-5
suth,2017,cs,xs,132.85239030899098,2.3124408483668595,57.451151843653335,1.1617188685729551e-5
suth,2017,cs,c,3.647753615187082e-4,0.016097330192170408,0.02266061248443121,0.9833439666408347
suth,2018,cc,a,51.4045,2.135865978276487,24.067287237507422,1.5721598701037677e-4
suth,2018,cc,b,1.0687946428571427,0.029543476298556602,36.177010181749004,4.644932652954057e-5
suth,2018,cc,xs,152.09707238453913,3.6885962780449804,41.23440488454681,3.1388660588103856e-5
suth,2018,cc,c,0.002931118224969825,0.024582411890311663,0.1192363970650507,0.9126244552385454
suth,2018,cs,a,96.72066666666666,0.6860182969810938,140.98846501951567,7.867583320971166e-7
suth,2018,cs,b,1.0320535714285715,0.009489062283576254,108.76244043785634,1.7135696499667123e-6
suth,2018,cs,xs,113.85089254340524,1.2083925330949277,94.2168123563384,2.6357816217122276e-6
suth,2018,cs,c,6.606137542777141e-4,0.007895619159722558,0.08366839140971526,0.9385904104310827
suth,2019,cc,a,47.480666666666664,1.3975857053887175,33.97334881402542,5.606640780704114e-5
suth,2019,cc,b,1.1603035714285714,0.019331522006671605,60.021325327003886,1.018873314905718e-5
suth,2019,cc,xs,143.77506266774688,2.1909737985801105,65.62153447974696,7.797738147754929e-6
suth,2019,cc,c,0.003541726459874244,0.016085291779215666,0.2201841600691773,0.8398602963994569
suth,2019,cs,a,81.36533333333334,0.9357481291402049,86.95217313241587,3.3529160129326754e-6
suth,2019,cs,b,1.0323214285714286,0.012943346144302724,79.75692043327032,4.3443008032900975e-6
suth,2019,cs,xs,129.04593863301056,1.629623785265636,79.18756451629449,4.438646054616328e-6
suth,2019,cs,c,0.0016136438900540696,0.010769845191632777,0.14982981290276381,0.8904051065519345
