site_id,year,rotation,term2,estimate
gent,2012,cc,a,34.50774457967802
gent,2012,cs,a,16.09389068599898
gent,2009,cc,a,30.226594392721683
gent,2009,cs,a,31.79347699411488
gent,2005,cc,a,41.65174602375932
gent,2001,cs,a,40.63262677696925
gent,2001,cc,a,38.87580596549976
gent,2019,cc,a,36.01027666145615
gent,2019,cs,a,49.214092670189714
gent,2016,cc,a,61.91142748373306
gent,2007,cc,a,43.63414507439372
gent,2010,cc,a,39.94522189107806
gent,2014,cs,a,47.96565287880988
gent,2010,cs,a,67.5669597829738
gent,2014,cc,a,10.879814852847367
gent,2013,cs,a,73.18863443078136
gent,2016,cs,a,63.27408668277282
gent,2005,cs,a,37.82277059180831
gent,2015,cc,a,46.61756750063243
gent,2013,cc,a,54.78197884211205
gent,2015,cs,a,61.648776671102155
gent,2018,cc,a,45.644740117822806
gent,2006,cc,a,101.48198583489165
gent,2003,cc,a,49.661691569180064
gent,2006,cs,a,102.11981576895542
gent,2011,cs,a,93.32344693238151
gent,2002,cc,a,76.25605952866556
gent,2004,cc,a,38.67049331665697
gent,2002,cs,a,72.10108558557282
gent,2007,cs,a,38.40302276992179
gent,2000,cs,a,74.78512190135619
gent,2000,cc,a,95.30870590336932
gent,2018,cs,a,62.91129379385268
gent,2004,cs,a,54.347933660386374
gent,2008,cc,a,43.81546807349953
gent,2003,cs,a,54.87734051517078
gent,2008,cs,a,70.58384493302111
gent,2011,cc,a,74.03162737398448
gent,2017,cs,a,107.28471056478205
gent,2017,cc,a,82.51471407674414
gilm,2001,cc,a,50.40472631220311
gilm,2001,cs,a,30.1709465468722
gilm,2011,cc,a,40.53728713968342
gilm,2013,cc,a,28.842748020072456
gilm,2011,cs,a,29.34402757938428
gilm,2014,cs,a,7.870776153301456
gilm,2013,cs,a,11.358934796532989
gilm,2007,cs,a,18.87039576531692
gilm,2007,cc,a,36.536558445669186
gilm,2014,cc,a,22.53055035382742
gilm,2000,cs,a,68.35164440962659
gilm,2018,cc,a,45.65620663633711
gilm,2018,cs,a,43.986179639313434
gilm,2010,cc,a,22.973292909694237
gilm,2000,cc,a,79.50939765212462
gilm,2006,cs,a,42.438983856410324
gilm,2006,cc,a,57.089489356361064
gilm,2019,cc,a,40.089073708727206
gilm,2019,cs,a,48.056863646133436
gilm,2010,cs,a,31.16417045716198
gilm,2008,cs,a,48.44681877491624
gilm,2016,cs,a,40.63656748375389
gilm,2002,cc,a,55.37145013015496
gilm,2012,cs,a,48.25234913909251
gilm,2012,cc,a,57.48072697455178
gilm,2015,cc,a,24.676998669954337
gilm,2016,cc,a,37.70406304984751
gilm,2002,cs,a,40.91493760788139
gilm,2015,cs,a,40.6448159365841
gilm,2008,cc,a,52.17120191433641
gilm,2005,cc,a,59.430568094703844
gilm,2005,cs,a,68.13983210182269
gilm,2003,cs,a,52.86630057863892
gilm,2003,cc,a,72.80333684728558
gilm,2004,cs,a,28.52376107962698
gilm,2004,cc,a,38.51471591289735
gilm,2009,cs,a,31.5144007189457
gilm,2009,cc,a,18.59786451231537
gilm,2017,cs,a,50.24256560999392
gilm,2017,cc,a,48.23795146733781
gold,2012,cs,a,7.579190232084169
gold,2018,cc,a,20.847329296829127
gold,2018,cs,a,14.538875829631802
gold,2014,cs,a,-3.7119583833527585
gold,2012,cc,a,30.242702474834438
gold,2000,cc,a,26.32504759885824
gold,2014,cc,a,2.3178052322040585
gold,2008,cc,a,26.03595793916381
gold,2004,cc,a,26.400821869296056
gold,2019,cc,a,28.074509464918247
gold,2019,cs,a,4.109481114138532
gold,2000,cs,a,20.85497558030525
gold,2015,cc,a,14.50864333047674
gold,2008,cs,a,7.287735953008852
gold,2010,cs,a,30.722573155626666
gold,2011,cs,a,-2.8335927825112215
gold,2010,cc,a,28.08935016206568
gold,2013,cs,a,14.456335069431917
gold,2011,cc,a,33.84263837548515
gold,2004,cs,a,9.15643717500021
gold,2009,cs,a,-11.849601973555949
gold,2002,cc,a,76.64697566627005
gold,2016,cc,a,26.182095947713975
gold,2013,cc,a,35.37709481719355
gold,2003,cs,a,20.05072470674969
gold,2009,cc,a,2.1539213727841506
gold,2016,cs,a,10.443204544492236
gold,2015,cs,a,11.513779637918288
gold,2002,cs,a,61.3576879973455
gold,2006,cc,a,59.205657847588675
gold,2005,cc,a,36.853606708841454
gold,2003,cc,a,67.83620161710928
gold,2006,cs,a,30.624927123686845
gold,2017,cs,a,25.04737640421476
gold,2017,cc,a,41.75765544833143
gold,2005,cs,a,32.00326659810269
gold,2001,cs,a,24.39630453192669
gold,2001,cc,a,53.198111716288246
gold,2007,cs,a,17.704066205468916
gold,2007,cc,a,32.36328036877953
hoff,2005,cs,a,-5.624063249699219
hoff,2005,cc,a,23.18208144941848
hoff,2007,cs,a,36.470969776029484
hoff,2002,cs,a,50.53619293350164
hoff,2003,cc,a,2.689510842909243
hoff,2019,cs,a,31.889145436789207
hoff,2002,cc,a,69.50447560972461
hoff,2016,cc,a,26.190625552739675
hoff,2010,cs,a,22.276463201360407
hoff,2016,cs,a,25.579214170068468
hoff,2013,cc,a,26.49506516282531
hoff,2013,cs,a,39.375716029418136
hoff,2003,cs,a,27.128816405373406
hoff,2019,cc,a,20.606464596862846
hoff,2007,cc,a,42.651225263876476
hoff,2011,cs,a,46.3665408212846
hoff,2010,cc,a,6.731012586266051
hoff,2001,cs,a,31.07653677304711
hoff,2006,cs,a,32.29326388954821
hoff,2014,cc,a,-5.192806391955351
hoff,2018,cc,a,6.858205574296111
hoff,2015,cs,a,30.430641512975434
hoff,2015,cc,a,18.717465341966058
hoff,2006,cc,a,18.453157239701127
hoff,2001,cc,a,33.727065070548335
hoff,2018,cs,a,48.476400758925664
hoff,2014,cs,a,18.056274667452968
hoff,2017,cc,a,17.317615354970968
hoff,2000,cc,a,53.1397322177106
hoff,2000,cs,a,43.99843092778027
hoff,2009,cs,a,37.51859455217483
hoff,2011,cc,a,44.54248122178736
hoff,2017,cs,a,59.49332113769695
hoff,2004,cs,a,41.027260261209534
hoff,2009,cc,a,34.466751537418396
hoff,2008,cs,a,42.67736559464901
hoff,2008,cc,a,19.017801189771323
hoff,2004,cc,a,18.207293560673868
hugg,2004,cs,a,15.938803746618632
hugg,2004,cc,a,33.15589835192907
hugg,2006,cc,a,60.59787583878011
hugg,2012,cs,a,23.49888374510933
hugg,2012,cc,a,46.190505568113394
hugg,2006,cs,a,55.195105062752575
hugg,2007,cc,a,43.07501590633447
hugg,2007,cs,a,16.89979479794086
hugg,2014,cc,a,21.951135494018317
hugg,2013,cs,a,35.58830438999801
hugg,2014,cs,a,16.473509120819706
hugg,2003,cs,a,42.04579965827875
hugg,2013,cc,a,38.595724272149525
hugg,2017,cc,a,31.327522411052207
hugg,2017,cs,a,28.710670358861975
hugg,2003,cc,a,71.22759384691643
hugg,2010,cc,a,38.77502404733227
hugg,2016,cs,a,42.45774116050566
hugg,2008,cs,a,52.301033387713865
hugg,2008,cc,a,61.73702512184445
hugg,2016,cc,a,35.93133255756391
hugg,2019,cs,a,31.00017520386188
hugg,2010,cs,a,33.718122333836554
hugg,2002,cc,a,99.01594806349576
hugg,2018,cc,a,26.56994680855567
hugg,2002,cs,a,66.04887273759599
hugg,2018,cs,a,21.222527808073295
hugg,2001,cs,a,112.30310390345488
hugg,2011,cs,a,47.47885042767476
hugg,2011,cc,a,61.19701680098965
hugg,2001,cc,a,108.6516697441028
hugg,2009,cc,a,25.248478400019465
hugg,2005,cs,a,56.179123290250686
hugg,2019,cc,a,30.75702023795761
hugg,2009,cs,a,13.953109395822906
hugg,2015,cc,a,34.308601624208535
hugg,2005,cc,a,58.0867509930137
hugg,2000,cc,a,103.57722439276196
hugg,2015,cs,a,44.069296414273545
hugg,2000,cs,a,86.89557072155895
klad,2005,cs,a,3.465231495153816
klad,2001,cc,a,16.088408333488072
klad,2001,cs,a,27.1748606884601
klad,2009,cc,a,20.044193760290398
klad,2016,cc,a,33.915801130624
klad,2006,cs,a,38.24939012784659
klad,2015,cc,a,31.029578972361833
klad,2019,cc,a,20.320348794687046
klad,2013,cc,a,28.635528579579955
klad,2015,cs,a,63.869554824252944
klad,2016,cs,a,49.37925927424171
klad,2019,cs,a,30.691376815173058
klad,2014,cc,a,20.825205338116806
klad,2003,cs,a,40.55774593371759
klad,2009,cs,a,46.28807539747506
klad,2014,cs,a,41.54517302072213
klad,2013,cs,a,65.72629526042738
klad,2005,cc,a,36.52286031312967
klad,2003,cc,a,25.97226193838261
klad,2000,cc,a,84.991429837068
klad,2018,cc,a,14.232632607249293
klad,2007,cs,a,54.52702521831199
klad,2006,cc,a,45.34706640528811
klad,2000,cs,a,71.28953634400952
klad,2002,cs,a,62.0837722195149
klad,2002,cc,a,71.45793580790641
klad,2007,cc,a,30.780504055077124
klad,2018,cs,a,36.1541211934481
klad,2010,cc,a,29.982734652855036
klad,2010,cs,a,31.204493661070906
klad,2012,cs,a,29.05206763430286
klad,2011,cc,a,40.58532465004126
klad,2012,cc,a,39.92922591637094
klad,2004,cc,a,24.91923910897382
klad,2011,cs,a,51.61896513359027
klad,2008,cc,a,31.73987047560314
klad,2017,cs,a,83.29639524736922
klad,2017,cc,a,41.96408177717417
klad,2004,cs,a,50.73745412000926
klad,2008,cs,a,39.58109891167164
masa,2001,cc,a,42.77841961877728
masa,2004,cc,a,19.346318338980563
masa,2009,cc,a,24.42002391504502
masa,2019,cc,a,12.752475910208553
masa,2014,cc,a,6.900119337682192
masa,2000,cc,a,50.95707302225851
masa,2008,cc,a,35.48481040258571
masa,2019,cs,a,7.4713547252494195
masa,2000,cs,a,53.41699966992222
masa,2004,cs,a,6.417802901841355
masa,2008,cs,a,41.83676356449429
masa,2009,cs,a,12.13058089801265
masa,2003,cc,a,77.528058538337
masa,2001,cs,a,50.24952910932309
masa,2014,cs,a,18.6332781330566
masa,2010,cc,a,31.15710668702046
masa,2017,cc,a,30.974298981324402
masa,2006,cc,a,62.69341257279629
masa,2013,cc,a,23.04843179651327
masa,2011,cc,a,67.90751999072192
masa,2016,cc,a,11.585563533290774
masa,2010,cs,a,78.80098667574165
masa,2017,cs,a,31.786826183598997
masa,2013,cs,a,29.01281768923723
masa,2018,cc,a,21.027720198271897
masa,2011,cs,a,55.44769128924868
masa,2016,cs,a,56.49253904522645
masa,2003,cs,a,41.17020175814713
masa,2015,cc,a,33.93330730104046
masa,2018,cs,a,57.36393008250914
masa,2007,cc,a,43.740271722538196
masa,2007,cs,a,34.268154315235776
masa,2006,cs,a,64.99253375594199
masa,2012,cs,a,59.24354308960039
masa,2002,cc,a,93.00986558197846
masa,2012,cc,a,55.25597726282224
masa,2015,cs,a,55.072249892046386
masa,2002,cs,a,106.86422341510729
masa,2005,cc,a,69.63651210633506
masa,2005,cs,a,73.1535319386705
rand,2001,cs,a,69.8730941491757
rand,2001,cc,a,72.18468568934972
rand,2013,cs,a,31.73808916458172
rand,2004,cc,a,25.332799317808142
rand,2013,cc,a,41.4086894223632
rand,2010,cs,a,29.236873860493944
rand,2010,cc,a,19.488605955234444
rand,2018,cc,a,35.415098601535995
rand,2002,cc,a,78.26944516292002
rand,2018,cs,a,36.53168037310618
rand,2019,cc,a,26.161598857043842
rand,2019,cs,a,36.451252886897464
rand,2000,cc,a,88.69200713454393
rand,2017,cs,a,51.15143681472982
rand,2004,cs,a,26.3110960712048
rand,2000,cs,a,70.5734776682304
rand,2003,cc,a,62.86875583371623
rand,2006,cs,a,36.38418919047018
rand,2011,cs,a,46.04420533988572
rand,2003,cs,a,16.325853634824092
rand,2011,cc,a,50.71950476039271
rand,2009,cc,a,20.147613191153116
rand,2009,cs,a,38.36197841817703
rand,2006,cc,a,52.18509791485785
rand,2002,cs,a,79.63845880359632
rand,2008,cc,a,59.664170790902375
rand,2014,cc,a,22.727277929570043
rand,2017,cc,a,54.52794917943722
rand,2014,cs,a,25.672335720605098
rand,2016,cs,a,69.53271201881319
rand,2015,cs,a,73.53461869338608
rand,2015,cc,a,36.06572954324338
rand,2005,cc,a,35.51686696131688
rand,2008,cs,a,52.57475919532133
rand,2016,cc,a,50.779739377545255
rand,2012,cc,a,65.75090672669704
rand,2012,cs,a,72.44812415745204
rand,2007,cs,a,41.27847973803119
rand,2007,cc,a,53.989697770183405
rand,2005,cs,a,80.71171062599069
suth,2012,cc,a,61.16735694973367
suth,2012,cs,a,53.64507270608627
suth,2001,cc,a,72.90228785485048
suth,2001,cs,a,43.26365471701575
suth,2006,cc,a,58.17347763554503
suth,2006,cs,a,30.76644916982228
suth,2007,cs,a,6.578432657668863
suth,2007,cc,a,26.143998140966204
suth,2014,cc,a,27.8539062738249
suth,2014,cs,a,24.38002376118498
suth,2003,cc,a,72.77194410148157
suth,2003,cs,a,46.18668897454311
suth,2002,cs,a,55.52964655323611
suth,2002,cc,a,69.86037296485783
suth,2015,cc,a,37.52698858672697
suth,2015,cs,a,60.046409785725906
suth,2000,cc,a,83.7331525367721
suth,2000,cs,a,82.21187583686469
suth,2016,cc,a,64.31976143775991
suth,2016,cs,a,57.373850606671176
suth,2018,cc,a,51.618725154240636
suth,2018,cs,a,54.10899419093918
suth,2005,cc,a,71.00747013375779
suth,2005,cs,a,106.96647958341558
suth,2019,cc,a,47.986903780121864
suth,2019,cs,a,38.887703008082504
suth,2013,cc,a,64.47076375804082
suth,2013,cs,a,55.721438462347166
suth,2011,cc,a,61.045736351068975
suth,2011,cs,a,49.535299056652114
suth,2010,cc,a,37.72095607043531
suth,2010,cs,a,49.77853604691099
suth,2008,cc,a,51.77906787813631
suth,2008,cs,a,53.1598291015824
suth,2004,cc,a,56.79535823219539
suth,2004,cs,a,51.72790147113407
suth,2017,cs,a,50.621420078277616
suth,2017,cc,a,48.52961239981332
suth,2009,cs,a,41.1334355517642
suth,2009,cc,a,40.67256943297825
gent,2012,cc,a,42.52212803049463
gent,2012,cs,a,42.52212803049463
gent,2009,cc,a,42.52212803049463
gent,2009,cs,a,42.52212803049463
gent,2005,cc,a,42.52212803049463
gent,2001,cs,a,42.52212803049463
gent,2001,cc,a,42.52212803049463
gent,2019,cc,a,42.52212803049463
gent,2019,cs,a,42.52212803049463
gent,2016,cc,a,42.52212803049463
gent,2007,cc,a,42.52212803049463
gent,2010,cc,a,42.52212803049463
gent,2014,cs,a,42.52212803049463
gent,2010,cs,a,42.52212803049463
gent,2014,cc,a,42.52212803049463
gent,2013,cs,a,42.52212803049463
gent,2016,cs,a,42.52212803049463
gent,2005,cs,a,42.52212803049463
gent,2015,cc,a,42.52212803049463
gent,2013,cc,a,42.52212803049463
gent,2015,cs,a,42.52212803049463
gent,2018,cc,a,42.52212803049463
gent,2006,cc,a,42.52212803049463
gent,2003,cc,a,42.52212803049463
gent,2006,cs,a,42.52212803049463
gent,2011,cs,a,42.52212803049463
gent,2002,cc,a,42.52212803049463
gent,2004,cc,a,42.52212803049463
gent,2002,cs,a,42.52212803049463
gent,2007,cs,a,42.52212803049463
gent,2000,cs,a,42.52212803049463
gent,2000,cc,a,42.52212803049463
gent,2018,cs,a,42.52212803049463
gent,2004,cs,a,42.52212803049463
gent,2008,cc,a,42.52212803049463
gent,2003,cs,a,42.52212803049463
gent,2008,cs,a,42.52212803049463
gent,2011,cc,a,42.52212803049463
gent,2017,cs,a,42.52212803049463
gent,2017,cc,a,42.52212803049463
gilm,2001,cc,a,42.52212803049463
gilm,2001,cs,a,42.52212803049463
gilm,2011,cc,a,42.52212803049463
gilm,2013,cc,a,42.52212803049463
gilm,2011,cs,a,42.52212803049463
gilm,2014,cs,a,42.52212803049463
gilm,2013,cs,a,42.52212803049463
gilm,2007,cs,a,42.52212803049463
gilm,2007,cc,a,42.52212803049463
gilm,2014,cc,a,42.52212803049463
gilm,2000,cs,a,42.52212803049463
gilm,2018,cc,a,42.52212803049463
gilm,2018,cs,a,42.52212803049463
gilm,2010,cc,a,42.52212803049463
gilm,2000,cc,a,42.52212803049463
gilm,2006,cs,a,42.52212803049463
gilm,2006,cc,a,42.52212803049463
gilm,2019,cc,a,42.52212803049463
gilm,2019,cs,a,42.52212803049463
gilm,2010,cs,a,42.52212803049463
gilm,2008,cs,a,42.52212803049463
gilm,2016,cs,a,42.52212803049463
gilm,2002,cc,a,42.52212803049463
gilm,2012,cs,a,42.52212803049463
gilm,2012,cc,a,42.52212803049463
gilm,2015,cc,a,42.52212803049463
gilm,2016,cc,a,42.52212803049463
gilm,2002,cs,a,42.52212803049463
gilm,2015,cs,a,42.52212803049463
gilm,2008,cc,a,42.52212803049463
gilm,2005,cc,a,42.52212803049463
gilm,2005,cs,a,42.52212803049463
gilm,2003,cs,a,42.52212803049463
gilm,2003,cc,a,42.52212803049463
gilm,2004,cs,a,42.52212803049463
gilm,2004,cc,a,42.52212803049463
gilm,2009,cs,a,42.52212803049463
gilm,2009,cc,a,42.52212803049463
gilm,2017,cs,a,42.52212803049463
gilm,2017,cc,a,42.52212803049463
gold,2012,cs,a,42.52212803049463
gold,2018,cc,a,42.52212803049463
gold,2018,cs,a,42.52212803049463
gold,2014,cs,a,42.52212803049463
gold,2012,cc,a,42.52212803049463
gold,2000,cc,a,42.52212803049463
gold,2014,cc,a,42.52212803049463
gold,2008,cc,a,42.52212803049463
gold,2004,cc,a,42.52212803049463
gold,2019,cc,a,42.52212803049463
gold,2019,cs,a,42.52212803049463
gold,2000,cs,a,42.52212803049463
gold,2015,cc,a,42.52212803049463
gold,2008,cs,a,42.52212803049463
gold,2010,cs,a,42.52212803049463
gold,2011,cs,a,42.52212803049463
gold,2010,cc,a,42.52212803049463
gold,2013,cs,a,42.52212803049463
gold,2011,cc,a,42.52212803049463
gold,2004,cs,a,42.52212803049463
gold,2009,cs,a,42.52212803049463
gold,2002,cc,a,42.52212803049463
gold,2016,cc,a,42.52212803049463
gold,2013,cc,a,42.52212803049463
gold,2003,cs,a,42.52212803049463
gold,2009,cc,a,42.52212803049463
gold,2016,cs,a,42.52212803049463
gold,2015,cs,a,42.52212803049463
gold,2002,cs,a,42.52212803049463
gold,2006,cc,a,42.52212803049463
gold,2005,cc,a,42.52212803049463
gold,2003,cc,a,42.52212803049463
gold,2006,cs,a,42.52212803049463
gold,2017,cs,a,42.52212803049463
gold,2017,cc,a,42.52212803049463
gold,2005,cs,a,42.52212803049463
gold,2001,cs,a,42.52212803049463
gold,2001,cc,a,42.52212803049463
gold,2007,cs,a,42.52212803049463
gold,2007,cc,a,42.52212803049463
hoff,2005,cs,a,42.52212803049463
hoff,2005,cc,a,42.52212803049463
hoff,2007,cs,a,42.52212803049463
hoff,2002,cs,a,42.52212803049463
hoff,2003,cc,a,42.52212803049463
hoff,2019,cs,a,42.52212803049463
hoff,2002,cc,a,42.52212803049463
hoff,2016,cc,a,42.52212803049463
hoff,2010,cs,a,42.52212803049463
hoff,2016,cs,a,42.52212803049463
hoff,2013,cc,a,42.52212803049463
hoff,2013,cs,a,42.52212803049463
hoff,2003,cs,a,42.52212803049463
hoff,2019,cc,a,42.52212803049463
hoff,2007,cc,a,42.52212803049463
hoff,2011,cs,a,42.52212803049463
hoff,2010,cc,a,42.52212803049463
hoff,2001,cs,a,42.52212803049463
hoff,2006,cs,a,42.52212803049463
hoff,2014,cc,a,42.52212803049463
hoff,2018,cc,a,42.52212803049463
hoff,2015,cs,a,42.52212803049463
hoff,2015,cc,a,42.52212803049463
hoff,2006,cc,a,42.52212803049463
hoff,2001,cc,a,42.52212803049463
hoff,2018,cs,a,42.52212803049463
hoff,2014,cs,a,42.52212803049463
hoff,2017,cc,a,42.52212803049463
hoff,2000,cc,a,42.52212803049463
hoff,2000,cs,a,42.52212803049463
hoff,2009,cs,a,42.52212803049463
hoff,2011,cc,a,42.52212803049463
hoff,2017,cs,a,42.52212803049463
hoff,2004,cs,a,42.52212803049463
hoff,2009,cc,a,42.52212803049463
hoff,2008,cs,a,42.52212803049463
hoff,2008,cc,a,42.52212803049463
hoff,2004,cc,a,42.52212803049463
hugg,2004,cs,a,42.52212803049463
hugg,2004,cc,a,42.52212803049463
hugg,2006,cc,a,42.52212803049463
hugg,2012,cs,a,42.52212803049463
hugg,2012,cc,a,42.52212803049463
hugg,2006,cs,a,42.52212803049463
hugg,2007,cc,a,42.52212803049463
hugg,2007,cs,a,42.52212803049463
hugg,2014,cc,a,42.52212803049463
hugg,2013,cs,a,42.52212803049463
hugg,2014,cs,a,42.52212803049463
hugg,2003,cs,a,42.52212803049463
hugg,2013,cc,a,42.52212803049463
hugg,2017,cc,a,42.52212803049463
hugg,2017,cs,a,42.52212803049463
hugg,2003,cc,a,42.52212803049463
hugg,2010,cc,a,42.52212803049463
hugg,2016,cs,a,42.52212803049463
hugg,2008,cs,a,42.52212803049463
hugg,2008,cc,a,42.52212803049463
hugg,2016,cc,a,42.52212803049463
hugg,2019,cs,a,42.52212803049463
hugg,2010,cs,a,42.52212803049463
hugg,2002,cc,a,42.52212803049463
hugg,2018,cc,a,42.52212803049463
hugg,2002,cs,a,42.52212803049463
hugg,2018,cs,a,42.52212803049463
hugg,2001,cs,a,42.52212803049463
hugg,2011,cs,a,42.52212803049463
hugg,2011,cc,a,42.52212803049463
hugg,2001,cc,a,42.52212803049463
hugg,2009,cc,a,42.52212803049463
hugg,2005,cs,a,42.52212803049463
hugg,2019,cc,a,42.52212803049463
hugg,2009,cs,a,42.52212803049463
hugg,2015,cc,a,42.52212803049463
hugg,2005,cc,a,42.52212803049463
hugg,2000,cc,a,42.52212803049463
hugg,2015,cs,a,42.52212803049463
hugg,2000,cs,a,42.52212803049463
klad,2005,cs,a,42.52212803049463
klad,2001,cc,a,42.52212803049463
klad,2001,cs,a,42.52212803049463
klad,2009,cc,a,42.52212803049463
klad,2016,cc,a,42.52212803049463
klad,2006,cs,a,42.52212803049463
klad,2015,cc,a,42.52212803049463
klad,2019,cc,a,42.52212803049463
klad,2013,cc,a,42.52212803049463
klad,2015,cs,a,42.52212803049463
klad,2016,cs,a,42.52212803049463
klad,2019,cs,a,42.52212803049463
klad,2014,cc,a,42.52212803049463
klad,2003,cs,a,42.52212803049463
klad,2009,cs,a,42.52212803049463
klad,2014,cs,a,42.52212803049463
klad,2013,cs,a,42.52212803049463
klad,2005,cc,a,42.52212803049463
klad,2003,cc,a,42.52212803049463
klad,2000,cc,a,42.52212803049463
klad,2018,cc,a,42.52212803049463
klad,2007,cs,a,42.52212803049463
klad,2006,cc,a,42.52212803049463
klad,2000,cs,a,42.52212803049463
klad,2002,cs,a,42.52212803049463
klad,2002,cc,a,42.52212803049463
klad,2007,cc,a,42.52212803049463
klad,2018,cs,a,42.52212803049463
klad,2010,cc,a,42.52212803049463
klad,2010,cs,a,42.52212803049463
klad,2012,cs,a,42.52212803049463
klad,2011,cc,a,42.52212803049463
klad,2012,cc,a,42.52212803049463
klad,2004,cc,a,42.52212803049463
klad,2011,cs,a,42.52212803049463
klad,2008,cc,a,42.52212803049463
klad,2017,cs,a,42.52212803049463
klad,2017,cc,a,42.52212803049463
klad,2004,cs,a,42.52212803049463
klad,2008,cs,a,42.52212803049463
masa,2001,cc,a,42.52212803049463
masa,2004,cc,a,42.52212803049463
masa,2009,cc,a,42.52212803049463
masa,2019,cc,a,42.52212803049463
masa,2014,cc,a,42.52212803049463
masa,2000,cc,a,42.52212803049463
masa,2008,cc,a,42.52212803049463
masa,2019,cs,a,42.52212803049463
masa,2000,cs,a,42.52212803049463
masa,2004,cs,a,42.52212803049463
masa,2008,cs,a,42.52212803049463
masa,2009,cs,a,42.52212803049463
masa,2003,cc,a,42.52212803049463
masa,2001,cs,a,42.52212803049463
masa,2014,cs,a,42.52212803049463
masa,2010,cc,a,42.52212803049463
masa,2017,cc,a,42.52212803049463
masa,2006,cc,a,42.52212803049463
masa,2013,cc,a,42.52212803049463
masa,2011,cc,a,42.52212803049463
masa,2016,cc,a,42.52212803049463
masa,2010,cs,a,42.52212803049463
masa,2017,cs,a,42.52212803049463
masa,2013,cs,a,42.52212803049463
masa,2018,cc,a,42.52212803049463
masa,2011,cs,a,42.52212803049463
masa,2016,cs,a,42.52212803049463
masa,2003,cs,a,42.52212803049463
masa,2015,cc,a,42.52212803049463
masa,2018,cs,a,42.52212803049463
masa,2007,cc,a,42.52212803049463
masa,2007,cs,a,42.52212803049463
masa,2006,cs,a,42.52212803049463
masa,2012,cs,a,42.52212803049463
masa,2002,cc,a,42.52212803049463
masa,2012,cc,a,42.52212803049463
masa,2015,cs,a,42.52212803049463
masa,2002,cs,a,42.52212803049463
masa,2005,cc,a,42.52212803049463
masa,2005,cs,a,42.52212803049463
rand,2001,cs,a,42.52212803049463
rand,2001,cc,a,42.52212803049463
rand,2013,cs,a,42.52212803049463
rand,2004,cc,a,42.52212803049463
rand,2013,cc,a,42.52212803049463
rand,2010,cs,a,42.52212803049463
rand,2010,cc,a,42.52212803049463
rand,2018,cc,a,42.52212803049463
rand,2002,cc,a,42.52212803049463
rand,2018,cs,a,42.52212803049463
rand,2019,cc,a,42.52212803049463
rand,2019,cs,a,42.52212803049463
rand,2000,cc,a,42.52212803049463
rand,2017,cs,a,42.52212803049463
rand,2004,cs,a,42.52212803049463
rand,2000,cs,a,42.52212803049463
rand,2003,cc,a,42.52212803049463
rand,2006,cs,a,42.52212803049463
rand,2011,cs,a,42.52212803049463
rand,2003,cs,a,42.52212803049463
rand,2011,cc,a,42.52212803049463
rand,2009,cc,a,42.52212803049463
rand,2009,cs,a,42.52212803049463
rand,2006,cc,a,42.52212803049463
rand,2002,cs,a,42.52212803049463
rand,2008,cc,a,42.52212803049463
rand,2014,cc,a,42.52212803049463
rand,2017,cc,a,42.52212803049463
rand,2014,cs,a,42.52212803049463
rand,2016,cs,a,42.52212803049463
rand,2015,cs,a,42.52212803049463
rand,2015,cc,a,42.52212803049463
rand,2005,cc,a,42.52212803049463
rand,2008,cs,a,42.52212803049463
rand,2016,cc,a,42.52212803049463
rand,2012,cc,a,42.52212803049463
rand,2012,cs,a,42.52212803049463
rand,2007,cs,a,42.52212803049463
rand,2007,cc,a,42.52212803049463
rand,2005,cs,a,42.52212803049463
suth,2012,cc,a,42.52212803049463
suth,2012,cs,a,42.52212803049463
suth,2001,cc,a,42.52212803049463
suth,2001,cs,a,42.52212803049463
suth,2006,cc,a,42.52212803049463
suth,2006,cs,a,42.52212803049463
suth,2007,cs,a,42.52212803049463
suth,2007,cc,a,42.52212803049463
suth,2014,cc,a,42.52212803049463
suth,2014,cs,a,42.52212803049463
suth,2003,cc,a,42.52212803049463
suth,2003,cs,a,42.52212803049463
suth,2002,cs,a,42.52212803049463
suth,2002,cc,a,42.52212803049463
suth,2015,cc,a,42.52212803049463
suth,2015,cs,a,42.52212803049463
suth,2000,cc,a,42.52212803049463
suth,2000,cs,a,42.52212803049463
suth,2016,cc,a,42.52212803049463
suth,2016,cs,a,42.52212803049463
suth,2018,cc,a,42.52212803049463
suth,2018,cs,a,42.52212803049463
suth,2005,cc,a,42.52212803049463
suth,2005,cs,a,42.52212803049463
suth,2019,cc,a,42.52212803049463
suth,2019,cs,a,42.52212803049463
suth,2013,cc,a,42.52212803049463
suth,2013,cs,a,42.52212803049463
suth,2011,cc,a,42.52212803049463
suth,2011,cs,a,42.52212803049463
suth,2010,cc,a,42.52212803049463
suth,2010,cs,a,42.52212803049463
suth,2008,cc,a,42.52212803049463
suth,2008,cs,a,42.52212803049463
suth,2004,cc,a,42.52212803049463
suth,2004,cs,a,42.52212803049463
suth,2017,cs,a,42.52212803049463
suth,2017,cc,a,42.52212803049463
suth,2009,cs,a,42.52212803049463
suth,2009,cc,a,42.52212803049463
gent,2012,cc,b,0.8806594483294499
gent,2012,cs,b,0.4775995465640356
gent,2009,cc,b,0.8492225025760549
gent,2009,cs,b,1.016220557832102
gent,2005,cc,b,1.0073325513433602
gent,2001,cs,b,1.3445146136230732
gent,2001,cc,b,1.234359289004845
gent,2019,cc,b,1.2197504380359285
gent,2019,cs,b,1.3168644790524457
gent,2016,cc,b,1.377672669526254
gent,2007,cc,b,1.202182173204294
gent,2010,cc,b,1.2502947556232273
gent,2014,cs,b,1.3461169924965868
gent,2010,cs,b,1.168134278674539
gent,2014,cc,b,1.4134110295964022
gent,2013,cs,b,1.1538425540432407
gent,2016,cs,b,1.320290363548672
gent,2005,cs,b,1.2491458357249232
gent,2015,cc,b,1.143742583767111
gent,2013,cc,b,1.2994764895143758
gent,2015,cs,b,1.1219702892542205
gent,2018,cc,b,1.2743387613227826
gent,2006,cc,b,0.998584992914769
gent,2003,cc,b,1.2280796950466504
gent,2006,cs,b,1.0592562719181728
gent,2011,cs,b,0.8923950634916741
gent,2002,cc,b,0.8909788329319972
gent,2004,cc,b,1.1289402722220838
gent,2002,cs,b,1.115918151198787
gent,2007,cs,b,1.5814294036320984
gent,2000,cs,b,1.1803122299769162
gent,2000,cc,b,0.8650315992370063
gent,2018,cs,b,1.3962095542541906
gent,2004,cs,b,1.3994716642795413
gent,2008,cc,b,1.095678050892397
gent,2003,cs,b,1.5538656830197242
gent,2008,cs,b,1.2198043487642798
gent,2011,cc,b,1.237443171861064
gent,2017,cs,b,0.9840855987810194
gent,2017,cc,b,1.3095228030041552
gilm,2001,cc,b,0.8423338820823094
gilm,2001,cs,b,1.1542701715766985
gilm,2011,cc,b,1.2452561535069935
gilm,2013,cc,b,1.0613022003793038
gilm,2011,cs,b,1.3027139667049743
gilm,2014,cs,b,1.1804330027743417
gilm,2013,cs,b,1.145423444361194
gilm,2007,cs,b,1.3098374251041347
gilm,2007,cc,b,1.2846335169274345
gilm,2014,cc,b,1.2066887943389326
gilm,2000,cs,b,1.1660682397154154
gilm,2018,cc,b,1.4693826625186428
gilm,2018,cs,b,1.2472793823306896
gilm,2010,cc,b,1.095926018539629
gilm,2000,cc,b,1.3373766728682535
gilm,2006,cs,b,1.1441850199950443
gilm,2006,cc,b,1.3707718813995864
gilm,2019,cc,b,1.605236825565939
gilm,2019,cs,b,1.2905284276485542
gilm,2010,cs,b,1.297891081842064
gilm,2008,cs,b,1.3243622645411375
gilm,2016,cs,b,1.4289042922814468
gilm,2002,cc,b,1.0166602067247472
gilm,2012,cs,b,0.9521608060792588
gilm,2012,cc,b,1.0632550796583102
gilm,2015,cc,b,1.3321440561527895
gilm,2016,cc,b,1.4148179933574863
gilm,2002,cs,b,1.42652781833249
gilm,2015,cs,b,1.536792535507458
gilm,2008,cc,b,1.2532738010485784
gilm,2005,cc,b,1.2867968338693494
gilm,2005,cs,b,1.1003299825620039
gilm,2003,cs,b,0.9793298401081381
gilm,2003,cc,b,1.072580496775076
gilm,2004,cs,b,1.26810230550124
gilm,2004,cc,b,1.2128067750410627
gilm,2009,cs,b,1.3779080422223398
gilm,2009,cc,b,1.4687030153777172
gilm,2017,cs,b,1.3090489556345362
gilm,2017,cc,b,1.39059563104637
gold,2012,cs,b,0.6865466914238924
gold,2018,cc,b,1.1226415094663722
gold,2018,cs,b,0.8849382795595998
gold,2014,cs,b,1.1064330772208433
gold,2012,cc,b,0.7534192345856734
gold,2000,cc,b,0.6565997566038219
gold,2014,cc,b,0.8096778557693206
gold,2008,cc,b,0.7474388800448137
gold,2004,cc,b,0.8378474748623972
gold,2019,cc,b,0.8716295598446646
gold,2019,cs,b,0.8320762595588049
gold,2000,cs,b,0.9898218522099465
gold,2015,cc,b,1.0539149251888016
gold,2008,cs,b,1.0234485382665472
gold,2010,cs,b,0.8058128594160279
gold,2011,cs,b,0.906976406053511
gold,2010,cc,b,0.9560674986608126
gold,2013,cs,b,1.0083745366462002
gold,2011,cc,b,1.0542718839050627
gold,2004,cs,b,1.1769251726400753
gold,2009,cs,b,1.159808729336859
gold,2002,cc,b,1.0400575567905126
gold,2016,cc,b,1.0923865801603168
gold,2013,cc,b,1.2061996413680676
gold,2003,cs,b,0.9565118909325765
gold,2009,cc,b,1.0341126343274385
gold,2016,cs,b,1.16907731743769
gold,2015,cs,b,1.2258101108450432
gold,2002,cs,b,0.8534575513940084
gold,2006,cc,b,1.124434424147132
gold,2005,cc,b,1.0695777744546437
gold,2003,cc,b,0.8963474282504142
gold,2006,cs,b,1.2371968242489486
gold,2017,cs,b,1.3213868160861453
gold,2017,cc,b,1.1094664904779938
gold,2005,cs,b,1.1796144760028096
gold,2001,cs,b,0.96505271292003
gold,2001,cc,b,0.9240035574041804
gold,2007,cs,b,1.2014757012663426
gold,2007,cc,b,1.3016634530011486
hoff,2005,cs,b,1.2064175606544012
hoff,2005,cc,b,1.2909678016945219
hoff,2007,cs,b,1.249924606177035
hoff,2002,cs,b,1.2596442093176379
hoff,2003,cc,b,1.3087463694722175
hoff,2019,cs,b,1.1098930651456982
hoff,2002,cc,b,1.3234065099421877
hoff,2016,cc,b,1.754383929936913
hoff,2010,cs,b,1.3717275544389111
hoff,2016,cs,b,1.5593313278115817
hoff,2013,cc,b,1.3218671325995035
hoff,2013,cs,b,1.3910500895309923
hoff,2003,cs,b,1.532133272693336
hoff,2019,cc,b,1.5849854804641546
hoff,2007,cc,b,1.1265076881313942
hoff,2011,cs,b,1.2943095451585898
hoff,2010,cc,b,1.0497332880086314
hoff,2001,cs,b,1.3446965274082086
hoff,2006,cs,b,1.3196780827294987
hoff,2014,cc,b,1.5257814891885753
hoff,2018,cc,b,1.3654744613127174
hoff,2015,cs,b,1.345060141055174
hoff,2015,cc,b,1.1140277674918853
hoff,2006,cc,b,1.7419876042028428
hoff,2001,cc,b,1.4421406333563342
hoff,2018,cs,b,1.2831095936360482
hoff,2014,cs,b,1.8599956321735336
hoff,2017,cc,b,1.4007042108352687
hoff,2000,cc,b,1.0784148411838996
hoff,2000,cs,b,1.1660347930394472
hoff,2009,cs,b,1.3560154778742817
hoff,2011,cc,b,1.259747624316183
hoff,2017,cs,b,1.549476943128822
hoff,2004,cs,b,1.5179849478407037
hoff,2009,cc,b,1.291299464253714
hoff,2008,cs,b,1.488755004671143
hoff,2008,cc,b,1.1796834825188967
hoff,2004,cc,b,1.0931129074630908
hugg,2004,cs,b,0.7732915863562877
hugg,2004,cc,b,0.7614256646818961
hugg,2006,cc,b,0.6567498072008935
hugg,2012,cs,b,0.6199995577250828
hugg,2012,cc,b,0.8577158094666109
hugg,2006,cs,b,0.6386724676155735
hugg,2007,cc,b,0.9473301278685796
hugg,2007,cs,b,0.8844040284302745
hugg,2014,cc,b,1.1643847153753448
hugg,2013,cs,b,1.0177523638535326
hugg,2014,cs,b,1.011973753760611
hugg,2003,cs,b,0.9027745880767466
hugg,2013,cc,b,1.1189728250945337
hugg,2017,cc,b,1.1229601539245535
hugg,2017,cs,b,1.1761205506897168
hugg,2003,cc,b,0.9365105987096111
hugg,2010,cc,b,0.967067985720993
hugg,2016,cs,b,1.0164157854211093
hugg,2008,cs,b,1.173533211147108
hugg,2008,cc,b,1.0646520764310858
hugg,2016,cc,b,1.0998926616295284
hugg,2019,cs,b,1.3796810585341834
hugg,2010,cs,b,1.1452110383254082
hugg,2002,cc,b,0.8120552983272002
hugg,2018,cc,b,1.126345849729812
hugg,2002,cs,b,0.7721858500849473
hugg,2018,cs,b,1.102570881883687
hugg,2001,cs,b,0.8763007477632387
hugg,2011,cs,b,1.121142534784836
hugg,2011,cc,b,1.1197908630092765
hugg,2001,cc,b,0.8180973651699455
hugg,2009,cc,b,1.1391934555952377
hugg,2005,cs,b,0.8485401753820344
hugg,2019,cc,b,1.4069497118319843
hugg,2009,cs,b,1.0649664999470145
hugg,2015,cc,b,1.1533535757594637
hugg,2005,cc,b,1.0524196373148587
hugg,2000,cc,b,0.9186159531518487
hugg,2015,cs,b,1.2650801265284177
hugg,2000,cs,b,0.8298751782454603
klad,2005,cs,b,0.8816225097852461
klad,2001,cc,b,1.0554676574643114
klad,2001,cs,b,1.2543931083762108
klad,2009,cc,b,1.117585128256833
klad,2016,cc,b,1.4586640959698047
klad,2006,cs,b,1.3086530432711116
klad,2015,cc,b,1.3734518363829045
klad,2019,cc,b,1.184563623490973
klad,2013,cc,b,1.0987755604703984
klad,2015,cs,b,0.8418257371503759
klad,2016,cs,b,1.172464601968735
klad,2019,cs,b,1.4042874571299078
klad,2014,cc,b,1.2438859376220954
klad,2003,cs,b,1.3910551358722787
klad,2009,cs,b,1.3137539234643358
klad,2014,cs,b,1.3500553350015734
klad,2013,cs,b,1.0272510447097547
klad,2005,cc,b,1.1420314617535283
klad,2003,cc,b,1.2942813435514366
klad,2000,cc,b,0.7398292656573431
klad,2018,cc,b,1.392609495132076
klad,2007,cs,b,1.1302774932055026
klad,2006,cc,b,1.151631607974256
klad,2000,cs,b,0.9571387871393898
klad,2002,cs,b,0.9738479557859497
klad,2002,cc,b,0.95831776006931
klad,2007,cc,b,1.47872097094765
klad,2018,cs,b,1.2173652996571354
klad,2010,cc,b,1.240461435111269
klad,2010,cs,b,1.0964211936716943
klad,2012,cs,b,1.0673084079720312
klad,2011,cc,b,1.0285002632921953
klad,2012,cc,b,1.1675659075385565
klad,2004,cc,b,1.268348938547037
klad,2011,cs,b,1.1025742454218028
klad,2008,cc,b,1.0709186822219152
klad,2017,cs,b,1.2072034397650904
klad,2017,cc,b,1.5433707633450227
klad,2004,cs,b,1.0585357690670811
klad,2008,cs,b,1.3423732139135593
masa,2001,cc,b,0.42386791702357274
masa,2004,cc,b,0.5055886321341605
masa,2009,cc,b,0.7729077943968043
masa,2019,cc,b,0.9240890959666905
masa,2014,cc,b,0.7717131606520796
masa,2000,cc,b,0.6129227277880567
masa,2008,cc,b,0.6539971368212858
masa,2019,cs,b,1.2208659377674995
masa,2000,cs,b,0.8818116178433053
masa,2004,cs,b,0.8703740939694646
masa,2008,cs,b,0.6026234141170679
masa,2009,cs,b,1.007236618403558
masa,2003,cc,b,0.7535092311065584
masa,2001,cs,b,0.8504662737800468
masa,2014,cs,b,0.9813604820535534
masa,2010,cc,b,0.9296848992679024
masa,2017,cc,b,1.0876186689650966
masa,2006,cc,b,1.09209728370209
masa,2013,cc,b,1.0308974694270117
masa,2011,cc,b,1.1316131075569829
masa,2016,cc,b,1.306818286397748
masa,2010,cs,b,0.7539519139909254
masa,2017,cs,b,1.2798154640870174
masa,2013,cs,b,1.3041674083552202
masa,2018,cc,b,1.546142479121797
masa,2011,cs,b,1.067857205069442
masa,2016,cs,b,1.2921952983767275
masa,2003,cs,b,1.0135749071385687
masa,2015,cc,b,1.348135337665909
masa,2018,cs,b,1.1214374816149282
masa,2007,cc,b,1.1171089392497568
masa,2007,cs,b,1.0957613302633116
masa,2006,cs,b,1.200406528865077
masa,2012,cs,b,1.5848449231468882
masa,2002,cc,b,0.9902543682828259
masa,2012,cc,b,1.3491929346144778
masa,2015,cs,b,1.4934714051812734
masa,2002,cs,b,0.8716683522159043
masa,2005,cc,b,1.133253444773218
masa,2005,cs,b,0.8933896151762837
rand,2001,cs,b,0.9624464120173752
rand,2001,cc,b,0.8042130211854543
rand,2013,cs,b,1.0006738360388707
rand,2004,cc,b,0.9754892158141825
rand,2013,cc,b,1.0361250550709538
rand,2010,cs,b,1.0986499442448276
rand,2010,cc,b,1.0269938354856705
rand,2018,cc,b,1.1611119068178941
rand,2002,cc,b,1.0032053689124378
rand,2018,cs,b,1.0351232180152
rand,2019,cc,b,1.2968035857460638
rand,2019,cs,b,1.0465394489294446
rand,2000,cc,b,0.9009277495392629
rand,2017,cs,b,1.0701068831627631
rand,2004,cs,b,1.2056445916132548
rand,2000,cs,b,0.7762803390112337
rand,2003,cc,b,1.060556053447668
rand,2006,cs,b,1.1578417382340618
rand,2011,cs,b,1.1738624792487877
rand,2003,cs,b,1.2281733613800137
rand,2011,cc,b,1.1910566119537283
rand,2009,cc,b,1.1310489121982346
rand,2009,cs,b,1.1431117296279283
rand,2006,cc,b,1.016903554376853
rand,2002,cs,b,0.7355616572432803
rand,2008,cc,b,1.0884230551180443
rand,2014,cc,b,1.074028138175213
rand,2017,cc,b,1.2433285079655807
rand,2014,cs,b,1.0551093864236993
rand,2016,cs,b,0.9394397022358755
rand,2015,cs,b,0.8154001156182493
rand,2015,cc,b,1.0026865796423454
rand,2005,cc,b,1.1911548064660278
rand,2008,cs,b,1.0683842020180463
rand,2016,cc,b,1.1874434924090937
rand,2012,cc,b,1.0715986750416893
rand,2012,cs,b,0.7379619647559669
rand,2007,cs,b,0.9654780301320011
rand,2007,cc,b,0.927252923601795
rand,2005,cs,b,0.8329573518393567
suth,2012,cc,b,0.9759434458507186
suth,2012,cs,b,0.5888903162120792
suth,2001,cc,b,0.673659251697498
suth,2001,cs,b,0.871953868410986
suth,2006,cc,b,0.8046363212957506
suth,2006,cs,b,1.0419193428097926
suth,2007,cs,b,1.1319453707388991
suth,2007,cc,b,1.1162032197139682
suth,2014,cc,b,1.123334599785614
suth,2014,cs,b,1.2316342827476678
suth,2003,cc,b,0.8749383436287316
suth,2003,cs,b,0.8342723146097472
suth,2002,cs,b,0.8549902968582117
suth,2002,cc,b,0.8473007531083182
suth,2015,cc,b,1.0778891393001446
suth,2015,cs,b,0.8581254484090447
suth,2000,cc,b,0.7997148662835468
suth,2000,cs,b,0.7485575455096767
suth,2016,cc,b,1.0338636844984186
suth,2016,cs,b,0.870318243926102
suth,2018,cc,b,1.0651214573211938
suth,2018,cs,b,0.926402480366327
suth,2005,cc,b,0.8534976664489724
suth,2005,cs,b,0.7034130071467631
suth,2019,cc,b,1.15090651081664
suth,2019,cs,b,0.9279788413808063
suth,2013,cc,b,1.0216088502170497
suth,2013,cs,b,0.8316917118917261
suth,2011,cc,b,1.0756217247924647
suth,2011,cs,b,0.8436289310465964
suth,2010,cc,b,0.9766807227445988
suth,2010,cs,b,0.8710263880710531
suth,2008,cc,b,1.021924453508888
suth,2008,cs,b,0.9094120341586807
suth,2004,cc,b,0.979313906886441
suth,2004,cs,b,0.8645552007363841
suth,2017,cs,b,0.9834181332954139
suth,2017,cc,b,1.15205161891065
suth,2009,cs,b,0.8541073731141369
suth,2009,cc,b,1.0372803601315441
gent,2012,cc,b,0.10752892885653262
gent,2012,cs,b,0.10752892885653262
gent,2009,cc,b,0.10752892885653262
gent,2009,cs,b,0.10752892885653262
gent,2005,cc,b,0.10752892885653262
gent,2001,cs,b,0.10752892885653262
gent,2001,cc,b,0.10752892885653262
gent,2019,cc,b,0.10752892885653262
gent,2019,cs,b,0.10752892885653262
gent,2016,cc,b,0.10752892885653262
gent,2007,cc,b,0.10752892885653262
gent,2010,cc,b,0.10752892885653262
gent,2014,cs,b,0.10752892885653262
gent,2010,cs,b,0.10752892885653262
gent,2014,cc,b,0.10752892885653262
gent,2013,cs,b,0.10752892885653262
gent,2016,cs,b,0.10752892885653262
gent,2005,cs,b,0.10752892885653262
gent,2015,cc,b,0.10752892885653262
gent,2013,cc,b,0.10752892885653262
gent,2015,cs,b,0.10752892885653262
gent,2018,cc,b,0.10752892885653262
gent,2006,cc,b,0.10752892885653262
gent,2003,cc,b,0.10752892885653262
gent,2006,cs,b,0.10752892885653262
gent,2011,cs,b,0.10752892885653262
gent,2002,cc,b,0.10752892885653262
gent,2004,cc,b,0.10752892885653262
gent,2002,cs,b,0.10752892885653262
gent,2007,cs,b,0.10752892885653262
gent,2000,cs,b,0.10752892885653262
gent,2000,cc,b,0.10752892885653262
gent,2018,cs,b,0.10752892885653262
gent,2004,cs,b,0.10752892885653262
gent,2008,cc,b,0.10752892885653262
gent,2003,cs,b,0.10752892885653262
gent,2008,cs,b,0.10752892885653262
gent,2011,cc,b,0.10752892885653262
gent,2017,cs,b,0.10752892885653262
gent,2017,cc,b,0.10752892885653262
gilm,2001,cc,b,0.10752892885653262
gilm,2001,cs,b,0.10752892885653262
gilm,2011,cc,b,0.10752892885653262
gilm,2013,cc,b,0.10752892885653262
gilm,2011,cs,b,0.10752892885653262
gilm,2014,cs,b,0.10752892885653262
gilm,2013,cs,b,0.10752892885653262
gilm,2007,cs,b,0.10752892885653262
gilm,2007,cc,b,0.10752892885653262
gilm,2014,cc,b,0.10752892885653262
gilm,2000,cs,b,0.10752892885653262
gilm,2018,cc,b,0.10752892885653262
gilm,2018,cs,b,0.10752892885653262
gilm,2010,cc,b,0.10752892885653262
gilm,2000,cc,b,0.10752892885653262
gilm,2006,cs,b,0.10752892885653262
gilm,2006,cc,b,0.10752892885653262
gilm,2019,cc,b,0.10752892885653262
gilm,2019,cs,b,0.10752892885653262
gilm,2010,cs,b,0.10752892885653262
gilm,2008,cs,b,0.10752892885653262
gilm,2016,cs,b,0.10752892885653262
gilm,2002,cc,b,0.10752892885653262
gilm,2012,cs,b,0.10752892885653262
gilm,2012,cc,b,0.10752892885653262
gilm,2015,cc,b,0.10752892885653262
gilm,2016,cc,b,0.10752892885653262
gilm,2002,cs,b,0.10752892885653262
gilm,2015,cs,b,0.10752892885653262
gilm,2008,cc,b,0.10752892885653262
gilm,2005,cc,b,0.10752892885653262
gilm,2005,cs,b,0.10752892885653262
gilm,2003,cs,b,0.10752892885653262
gilm,2003,cc,b,0.10752892885653262
gilm,2004,cs,b,0.10752892885653262
gilm,2004,cc,b,0.10752892885653262
gilm,2009,cs,b,0.10752892885653262
gilm,2009,cc,b,0.10752892885653262
gilm,2017,cs,b,0.10752892885653262
gilm,2017,cc,b,0.10752892885653262
gold,2012,cs,b,0.10752892885653262
gold,2018,cc,b,0.10752892885653262
gold,2018,cs,b,0.10752892885653262
gold,2014,cs,b,0.10752892885653262
gold,2012,cc,b,0.10752892885653262
gold,2000,cc,b,0.10752892885653262
gold,2014,cc,b,0.10752892885653262
gold,2008,cc,b,0.10752892885653262
gold,2004,cc,b,0.10752892885653262
gold,2019,cc,b,0.10752892885653262
gold,2019,cs,b,0.10752892885653262
gold,2000,cs,b,0.10752892885653262
gold,2015,cc,b,0.10752892885653262
gold,2008,cs,b,0.10752892885653262
gold,2010,cs,b,0.10752892885653262
gold,2011,cs,b,0.10752892885653262
gold,2010,cc,b,0.10752892885653262
gold,2013,cs,b,0.10752892885653262
gold,2011,cc,b,0.10752892885653262
gold,2004,cs,b,0.10752892885653262
gold,2009,cs,b,0.10752892885653262
gold,2002,cc,b,0.10752892885653262
gold,2016,cc,b,0.10752892885653262
gold,2013,cc,b,0.10752892885653262
gold,2003,cs,b,0.10752892885653262
gold,2009,cc,b,0.10752892885653262
gold,2016,cs,b,0.10752892885653262
gold,2015,cs,b,0.10752892885653262
gold,2002,cs,b,0.10752892885653262
gold,2006,cc,b,0.10752892885653262
gold,2005,cc,b,0.10752892885653262
gold,2003,cc,b,0.10752892885653262
gold,2006,cs,b,0.10752892885653262
gold,2017,cs,b,0.10752892885653262
gold,2017,cc,b,0.10752892885653262
gold,2005,cs,b,0.10752892885653262
gold,2001,cs,b,0.10752892885653262
gold,2001,cc,b,0.10752892885653262
gold,2007,cs,b,0.10752892885653262
gold,2007,cc,b,0.10752892885653262
hoff,2005,cs,b,0.10752892885653262
hoff,2005,cc,b,0.10752892885653262
hoff,2007,cs,b,0.10752892885653262
hoff,2002,cs,b,0.10752892885653262
hoff,2003,cc,b,0.10752892885653262
hoff,2019,cs,b,0.10752892885653262
hoff,2002,cc,b,0.10752892885653262
hoff,2016,cc,b,0.10752892885653262
hoff,2010,cs,b,0.10752892885653262
hoff,2016,cs,b,0.10752892885653262
hoff,2013,cc,b,0.10752892885653262
hoff,2013,cs,b,0.10752892885653262
hoff,2003,cs,b,0.10752892885653262
hoff,2019,cc,b,0.10752892885653262
hoff,2007,cc,b,0.10752892885653262
hoff,2011,cs,b,0.10752892885653262
hoff,2010,cc,b,0.10752892885653262
hoff,2001,cs,b,0.10752892885653262
hoff,2006,cs,b,0.10752892885653262
hoff,2014,cc,b,0.10752892885653262
hoff,2018,cc,b,0.10752892885653262
hoff,2015,cs,b,0.10752892885653262
hoff,2015,cc,b,0.10752892885653262
hoff,2006,cc,b,0.10752892885653262
hoff,2001,cc,b,0.10752892885653262
hoff,2018,cs,b,0.10752892885653262
hoff,2014,cs,b,0.10752892885653262
hoff,2017,cc,b,0.10752892885653262
hoff,2000,cc,b,0.10752892885653262
hoff,2000,cs,b,0.10752892885653262
hoff,2009,cs,b,0.10752892885653262
hoff,2011,cc,b,0.10752892885653262
hoff,2017,cs,b,0.10752892885653262
hoff,2004,cs,b,0.10752892885653262
hoff,2009,cc,b,0.10752892885653262
hoff,2008,cs,b,0.10752892885653262
hoff,2008,cc,b,0.10752892885653262
hoff,2004,cc,b,0.10752892885653262
hugg,2004,cs,b,0.10752892885653262
hugg,2004,cc,b,0.10752892885653262
hugg,2006,cc,b,0.10752892885653262
hugg,2012,cs,b,0.10752892885653262
hugg,2012,cc,b,0.10752892885653262
hugg,2006,cs,b,0.10752892885653262
hugg,2007,cc,b,0.10752892885653262
hugg,2007,cs,b,0.10752892885653262
hugg,2014,cc,b,0.10752892885653262
hugg,2013,cs,b,0.10752892885653262
hugg,2014,cs,b,0.10752892885653262
hugg,2003,cs,b,0.10752892885653262
hugg,2013,cc,b,0.10752892885653262
hugg,2017,cc,b,0.10752892885653262
hugg,2017,cs,b,0.10752892885653262
hugg,2003,cc,b,0.10752892885653262
hugg,2010,cc,b,0.10752892885653262
hugg,2016,cs,b,0.10752892885653262
hugg,2008,cs,b,0.10752892885653262
hugg,2008,cc,b,0.10752892885653262
hugg,2016,cc,b,0.10752892885653262
hugg,2019,cs,b,0.10752892885653262
hugg,2010,cs,b,0.10752892885653262
hugg,2002,cc,b,0.10752892885653262
hugg,2018,cc,b,0.10752892885653262
hugg,2002,cs,b,0.10752892885653262
hugg,2018,cs,b,0.10752892885653262
hugg,2001,cs,b,0.10752892885653262
hugg,2011,cs,b,0.10752892885653262
hugg,2011,cc,b,0.10752892885653262
hugg,2001,cc,b,0.10752892885653262
hugg,2009,cc,b,0.10752892885653262
hugg,2005,cs,b,0.10752892885653262
hugg,2019,cc,b,0.10752892885653262
hugg,2009,cs,b,0.10752892885653262
hugg,2015,cc,b,0.10752892885653262
hugg,2005,cc,b,0.10752892885653262
hugg,2000,cc,b,0.10752892885653262
hugg,2015,cs,b,0.10752892885653262
hugg,2000,cs,b,0.10752892885653262
klad,2005,cs,b,0.10752892885653262
klad,2001,cc,b,0.10752892885653262
klad,2001,cs,b,0.10752892885653262
klad,2009,cc,b,0.10752892885653262
klad,2016,cc,b,0.10752892885653262
klad,2006,cs,b,0.10752892885653262
klad,2015,cc,b,0.10752892885653262
klad,2019,cc,b,0.10752892885653262
klad,2013,cc,b,0.10752892885653262
klad,2015,cs,b,0.10752892885653262
klad,2016,cs,b,0.10752892885653262
klad,2019,cs,b,0.10752892885653262
klad,2014,cc,b,0.10752892885653262
klad,2003,cs,b,0.10752892885653262
klad,2009,cs,b,0.10752892885653262
klad,2014,cs,b,0.10752892885653262
klad,2013,cs,b,0.10752892885653262
klad,2005,cc,b,0.10752892885653262
klad,2003,cc,b,0.10752892885653262
klad,2000,cc,b,0.10752892885653262
klad,2018,cc,b,0.10752892885653262
klad,2007,cs,b,0.10752892885653262
klad,2006,cc,b,0.10752892885653262
klad,2000,cs,b,0.10752892885653262
klad,2002,cs,b,0.10752892885653262
klad,2002,cc,b,0.10752892885653262
klad,2007,cc,b,0.10752892885653262
klad,2018,cs,b,0.10752892885653262
klad,2010,cc,b,0.10752892885653262
klad,2010,cs,b,0.10752892885653262
klad,2012,cs,b,0.10752892885653262
klad,2011,cc,b,0.10752892885653262
klad,2012,cc,b,0.10752892885653262
klad,2004,cc,b,0.10752892885653262
klad,2011,cs,b,0.10752892885653262
klad,2008,cc,b,0.10752892885653262
klad,2017,cs,b,0.10752892885653262
klad,2017,cc,b,0.10752892885653262
klad,2004,cs,b,0.10752892885653262
klad,2008,cs,b,0.10752892885653262
masa,2001,cc,b,0.10752892885653262
masa,2004,cc,b,0.10752892885653262
masa,2009,cc,b,0.10752892885653262
masa,2019,cc,b,0.10752892885653262
masa,2014,cc,b,0.10752892885653262
masa,2000,cc,b,0.10752892885653262
masa,2008,cc,b,0.10752892885653262
masa,2019,cs,b,0.10752892885653262
masa,2000,cs,b,0.10752892885653262
masa,2004,cs,b,0.10752892885653262
masa,2008,cs,b,0.10752892885653262
masa,2009,cs,b,0.10752892885653262
masa,2003,cc,b,0.10752892885653262
masa,2001,cs,b,0.10752892885653262
masa,2014,cs,b,0.10752892885653262
masa,2010,cc,b,0.10752892885653262
masa,2017,cc,b,0.10752892885653262
masa,2006,cc,b,0.10752892885653262
masa,2013,cc,b,0.10752892885653262
masa,2011,cc,b,0.10752892885653262
masa,2016,cc,b,0.10752892885653262
masa,2010,cs,b,0.10752892885653262
masa,2017,cs,b,0.10752892885653262
masa,2013,cs,b,0.10752892885653262
masa,2018,cc,b,0.10752892885653262
masa,2011,cs,b,0.10752892885653262
masa,2016,cs,b,0.10752892885653262
masa,2003,cs,b,0.10752892885653262
masa,2015,cc,b,0.10752892885653262
masa,2018,cs,b,0.10752892885653262
masa,2007,cc,b,0.10752892885653262
masa,2007,cs,b,0.10752892885653262
masa,2006,cs,b,0.10752892885653262
masa,2012,cs,b,0.10752892885653262
masa,2002,cc,b,0.10752892885653262
masa,2012,cc,b,0.10752892885653262
masa,2015,cs,b,0.10752892885653262
masa,2002,cs,b,0.10752892885653262
masa,2005,cc,b,0.10752892885653262
masa,2005,cs,b,0.10752892885653262
rand,2001,cs,b,0.10752892885653262
rand,2001,cc,b,0.10752892885653262
rand,2013,cs,b,0.10752892885653262
rand,2004,cc,b,0.10752892885653262
rand,2013,cc,b,0.10752892885653262
rand,2010,cs,b,0.10752892885653262
rand,2010,cc,b,0.10752892885653262
rand,2018,cc,b,0.10752892885653262
rand,2002,cc,b,0.10752892885653262
rand,2018,cs,b,0.10752892885653262
rand,2019,cc,b,0.10752892885653262
rand,2019,cs,b,0.10752892885653262
rand,2000,cc,b,0.10752892885653262
rand,2017,cs,b,0.10752892885653262
rand,2004,cs,b,0.10752892885653262
rand,2000,cs,b,0.10752892885653262
rand,2003,cc,b,0.10752892885653262
rand,2006,cs,b,0.10752892885653262
rand,2011,cs,b,0.10752892885653262
rand,2003,cs,b,0.10752892885653262
rand,2011,cc,b,0.10752892885653262
rand,2009,cc,b,0.10752892885653262
rand,2009,cs,b,0.10752892885653262
rand,2006,cc,b,0.10752892885653262
rand,2002,cs,b,0.10752892885653262
rand,2008,cc,b,0.10752892885653262
rand,2014,cc,b,0.10752892885653262
rand,2017,cc,b,0.10752892885653262
rand,2014,cs,b,0.10752892885653262
rand,2016,cs,b,0.10752892885653262
rand,2015,cs,b,0.10752892885653262
rand,2015,cc,b,0.10752892885653262
rand,2005,cc,b,0.10752892885653262
rand,2008,cs,b,0.10752892885653262
rand,2016,cc,b,0.10752892885653262
rand,2012,cc,b,0.10752892885653262
rand,2012,cs,b,0.10752892885653262
rand,2007,cs,b,0.10752892885653262
rand,2007,cc,b,0.10752892885653262
rand,2005,cs,b,0.10752892885653262
suth,2012,cc,b,0.10752892885653262
suth,2012,cs,b,0.10752892885653262
suth,2001,cc,b,0.10752892885653262
suth,2001,cs,b,0.10752892885653262
suth,2006,cc,b,0.10752892885653262
suth,2006,cs,b,0.10752892885653262
suth,2007,cs,b,0.10752892885653262
suth,2007,cc,b,0.10752892885653262
suth,2014,cc,b,0.10752892885653262
suth,2014,cs,b,0.10752892885653262
suth,2003,cc,b,0.10752892885653262
suth,2003,cs,b,0.10752892885653262
suth,2002,cs,b,0.10752892885653262
suth,2002,cc,b,0.10752892885653262
suth,2015,cc,b,0.10752892885653262
suth,2015,cs,b,0.10752892885653262
suth,2000,cc,b,0.10752892885653262
suth,2000,cs,b,0.10752892885653262
suth,2016,cc,b,0.10752892885653262
suth,2016,cs,b,0.10752892885653262
suth,2018,cc,b,0.10752892885653262
suth,2018,cs,b,0.10752892885653262
suth,2005,cc,b,0.10752892885653262
suth,2005,cs,b,0.10752892885653262
suth,2019,cc,b,0.10752892885653262
suth,2019,cs,b,0.10752892885653262
suth,2013,cc,b,0.10752892885653262
suth,2013,cs,b,0.10752892885653262
suth,2011,cc,b,0.10752892885653262
suth,2011,cs,b,0.10752892885653262
suth,2010,cc,b,0.10752892885653262
suth,2010,cs,b,0.10752892885653262
suth,2008,cc,b,0.10752892885653262
suth,2008,cs,b,0.10752892885653262
suth,2004,cc,b,0.10752892885653262
suth,2004,cs,b,0.10752892885653262
suth,2017,cs,b,0.10752892885653262
suth,2017,cc,b,0.10752892885653262
suth,2009,cs,b,0.10752892885653262
suth,2009,cc,b,0.10752892885653262
gent,2012,cc,xs,89.7098339182839
gent,2012,cs,xs,135.26112556119247
gent,2009,cc,xs,125.4741249841927
gent,2009,cs,xs,113.01421805192165
gent,2005,cc,xs,120.59333877530575
gent,2001,cs,xs,101.06700422801929
gent,2001,cc,xs,99.77234730972103
gent,2019,cc,xs,115.39471507198135
gent,2019,cs,xs,102.4521572056919
gent,2016,cc,xs,86.26278123400994
gent,2007,cc,xs,116.23640911555283
gent,2010,cc,xs,116.04654385911422
gent,2014,cs,xs,107.33997828365517
gent,2010,cs,xs,101.47136682637453
gent,2014,cc,xs,124.51779314138022
gent,2013,cs,xs,98.86363781930379
gent,2016,cs,xs,99.84728807440199
gent,2005,cs,xs,105.82341939282495
gent,2015,cc,xs,125.85290641434747
gent,2013,cc,xs,104.67753163702298
gent,2015,cs,xs,112.33340559779154
gent,2018,cc,xs,114.10934373522083
gent,2006,cc,xs,89.57994532775395
gent,2003,cc,xs,115.08428513757278
gent,2006,cs,xs,82.19543331737277
gent,2011,cs,xs,98.56401623919197
gent,2002,cc,xs,127.54809676579386
gent,2004,cc,xs,136.8223287983416
gent,2002,cs,xs,106.3292583890881
gent,2007,cs,xs,107.58322291720705
gent,2000,cs,xs,105.6618412581187
gent,2000,cc,xs,120.46069693069299
gent,2018,cs,xs,104.55718381169692
gent,2004,cs,xs,111.75303254970942
gent,2008,cc,xs,145.35115162568303
gent,2003,cs,xs,106.02374643740806
gent,2008,cs,xs,114.12235427846575
gent,2011,cc,xs,105.57664076735188
gent,2017,cs,xs,110.15545421948569
gent,2017,cc,xs,112.46503461231197
gilm,2001,cc,xs,72.40998144258924
gilm,2001,cs,xs,76.94901485130677
gilm,2011,cc,xs,81.65965681686667
gilm,2013,cc,xs,113.05648859277174
gilm,2011,cs,xs,98.56790719896897
gilm,2014,cs,xs,124.23425948870059
gilm,2013,cs,xs,124.25536110567919
gilm,2007,cs,xs,112.52520001460718
gilm,2007,cc,xs,96.79065706870696
gilm,2014,cc,xs,117.87824211394607
gilm,2000,cs,xs,85.60068429227108
gilm,2018,cc,xs,83.37134212840478
gilm,2018,cs,xs,102.44505313430322
gilm,2010,cc,xs,132.95531728608026
gilm,2000,cc,xs,67.03386145180293
gilm,2006,cs,xs,109.37525342429414
gilm,2006,cc,xs,81.39271430160012
gilm,2019,cc,xs,81.26915863383638
gilm,2019,cs,xs,99.59417427934531
gilm,2010,cs,xs,111.80507724294024
gilm,2008,cs,xs,99.20564230381126
gilm,2016,cs,xs,100.70578717451012
gilm,2002,cc,xs,115.1825767328468
gilm,2012,cs,xs,121.04536963530178
gilm,2012,cc,xs,109.97396800409635
gilm,2015,cc,xs,113.1345569754798
gilm,2016,cc,xs,97.07270886284375
gilm,2002,cs,xs,103.48673898193431
gilm,2015,cs,xs,99.95012439638685
gilm,2008,cc,xs,103.56039276084893
gilm,2005,cc,xs,95.68531620819985
gilm,2005,cs,xs,102.4350889455172
gilm,2003,cs,xs,123.54282177076065
gilm,2003,cc,xs,105.57284117606932
gilm,2004,cs,xs,131.0994702832527
gilm,2004,cc,xs,129.61813987202603
gilm,2009,cs,xs,124.46119838982487
gilm,2009,cc,xs,124.14255808416061
gilm,2017,cs,xs,120.65447906684939
gilm,2017,cc,xs,112.62009291736771
gold,2012,cs,xs,110.06777203697234
gold,2018,cc,xs,75.21770987363269
gold,2018,cs,xs,88.39874225532934
gold,2014,cs,xs,99.10350948194437
gold,2012,cc,xs,103.03373780046586
gold,2000,cc,xs,123.61312077334154
gold,2014,cc,xs,130.67702149056254
gold,2008,cc,xs,120.92214444928447
gold,2004,cc,xs,114.45158083895046
gold,2019,cc,xs,110.29150441615877
gold,2019,cs,xs,125.95953013886401
gold,2000,cs,xs,102.6300231526359
gold,2015,cc,xs,113.63078690143985
gold,2008,cs,xs,120.01932728673344
gold,2010,cs,xs,116.98546308457294
gold,2011,cs,xs,140.83570306378564
gold,2010,cc,xs,120.48820307882357
gold,2013,cs,xs,119.55679789663678
gold,2011,cc,xs,103.1560832475824
gold,2004,cs,xs,114.03870577105677
gold,2009,cs,xs,133.25540568383497
gold,2002,cc,xs,71.0612975928947
gold,2016,cc,xs,114.0220505119314
gold,2013,cc,xs,95.49328711605568
gold,2003,cs,xs,125.10438772390512
gold,2009,cc,xs,147.28412281951074
gold,2016,cs,xs,123.65028300658183
gold,2015,cs,xs,119.38939494942213
gold,2002,cs,xs,99.26514848538396
gold,2006,cc,xs,87.77693163703341
gold,2005,cc,xs,114.29526506724767
gold,2003,cc,xs,104.02472715170506
gold,2006,cs,xs,111.74544827806719
gold,2017,cs,xs,111.50327579468136
gold,2017,cc,xs,113.22262234098328
gold,2005,cs,xs,115.3952301050837
gold,2001,cs,xs,137.32242738700546
gold,2001,cc,xs,125.80287980142326
gold,2007,cs,xs,130.24054702783917
gold,2007,cc,xs,115.72649393524947
hoff,2005,cs,xs,104.77511246234721
hoff,2005,cc,xs,65.54941362928818
hoff,2007,cs,xs,75.7539778174449
hoff,2002,cs,xs,86.0102568943285
hoff,2003,cc,xs,117.76759824951951
hoff,2019,cs,xs,113.39524882062396
hoff,2002,cc,xs,66.67505846618221
hoff,2016,cc,xs,78.40933381540198
hoff,2010,cs,xs,108.92620026782777
hoff,2016,cs,xs,99.67510984424419
hoff,2013,cc,xs,104.59407157333669
hoff,2013,cs,xs,98.151442347836
hoff,2003,cs,xs,101.06350448338252
hoff,2019,cc,xs,90.88338862761043
hoff,2007,cc,xs,107.91752227167406
hoff,2011,cs,xs,98.94856117515468
hoff,2010,cc,xs,154.2641535558439
hoff,2001,cs,xs,105.23231116798772
hoff,2006,cs,xs,109.69243539870409
hoff,2014,cc,xs,116.03467725148148
hoff,2018,cc,xs,121.3103117759928
hoff,2015,cs,xs,111.30842471529684
hoff,2015,cc,xs,139.13734357655682
hoff,2006,cc,xs,88.25620843540935
hoff,2001,cc,xs,85.79795292796987
hoff,2018,cs,xs,103.096943024654
hoff,2014,cs,xs,101.02169685466484
hoff,2017,cc,xs,115.52866472928312
hoff,2000,cc,xs,117.99890941536601
hoff,2000,cs,xs,117.74425927200514
hoff,2009,cs,xs,115.7773724836713
hoff,2011,cc,xs,109.9760974421492
hoff,2017,cs,xs,99.3604981835953
hoff,2004,cs,xs,112.32699295932626
hoff,2009,cc,xs,129.2281506535149
hoff,2008,cs,xs,115.59030379056986
hoff,2008,cc,xs,155.5279709402332
hoff,2004,cc,xs,170.6219887771707
hugg,2004,cs,xs,110.39331614170425
hugg,2004,cc,xs,116.17293100907762
hugg,2006,cc,xs,109.12160866147971
hugg,2012,cs,xs,140.59729918865938
hugg,2012,cc,xs,105.94284281793135
hugg,2006,cs,xs,102.73686132238493
hugg,2007,cc,xs,121.85583337173193
hugg,2007,cs,xs,141.21727595659718
hugg,2014,cc,xs,118.97464103305055
hugg,2013,cs,xs,115.64988889352816
hugg,2014,cs,xs,133.61723008664742
hugg,2003,cs,xs,119.81919212221746
hugg,2013,cc,xs,112.41579130150917
hugg,2017,cc,xs,119.62947802473306
hugg,2017,cs,xs,115.80580991992838
hugg,2003,cc,xs,102.5261060098023
hugg,2010,cc,xs,133.89190384007165
hugg,2016,cs,xs,116.41266790972679
hugg,2008,cs,xs,101.13861910659432
hugg,2008,cc,xs,102.96214066365582
hugg,2016,cc,xs,120.72582880072078
hugg,2019,cs,xs,108.811972966931
hugg,2010,cs,xs,119.33400435692182
hugg,2002,cc,xs,92.845230889594
hugg,2018,cc,xs,130.5853725926152
hugg,2002,cs,xs,117.57643385505884
hugg,2018,cs,xs,134.55407932435597
hugg,2001,cs,xs,63.903598109978255
hugg,2011,cs,xs,112.91886145021175
hugg,2011,cc,xs,102.97923946114325
hugg,2001,cc,xs,82.98786801998199
hugg,2009,cc,xs,134.33752406463117
hugg,2005,cs,xs,125.59235157407733
hugg,2019,cc,xs,105.14238824399007
hugg,2009,cs,xs,147.3827458552118
hugg,2015,cc,xs,125.6997464353992
hugg,2005,cc,xs,121.41808472012346
hugg,2000,cc,xs,93.52382765157927
hugg,2015,cs,xs,118.09407601289523
hugg,2000,cs,xs,109.55042895912288
klad,2005,cs,xs,98.89133226024745
klad,2001,cc,xs,118.98627520417632
klad,2001,cs,xs,100.04113591769844
klad,2009,cc,xs,119.37202703442914
klad,2016,cc,xs,85.44847200108464
klad,2006,cs,xs,99.95812823378346
klad,2015,cc,xs,96.26265205090212
klad,2019,cc,xs,120.17690778187337
klad,2013,cc,xs,120.55997892335529
klad,2015,cs,xs,99.73663517848753
klad,2016,cs,xs,100.13777628421666
klad,2019,cs,xs,103.80208499042438
klad,2014,cc,xs,116.04878858144171
klad,2003,cs,xs,100.36523718273986
klad,2009,cs,xs,99.909323719066
klad,2014,cs,xs,102.00662753060098
klad,2013,cs,xs,98.38459897076812
klad,2005,cc,xs,116.83740131287725
klad,2003,cc,xs,113.07434247935286
klad,2000,cc,xs,117.80410720573533
klad,2018,cc,xs,115.83385405304209
klad,2007,cs,xs,106.26461110125437
klad,2006,cc,xs,113.84572140802106
klad,2000,cs,xs,102.04320369386268
klad,2002,cs,xs,110.17963929928844
klad,2002,cc,xs,109.95569926371034
klad,2007,cc,xs,98.74937669342908
klad,2018,cs,xs,117.80959737915074
klad,2010,cc,xs,125.22811767256255
klad,2010,cs,xs,136.7911178816466
klad,2012,cs,xs,147.92010541116895
klad,2011,cc,xs,155.4851457057448
klad,2012,cc,xs,136.03717208485693
klad,2004,cc,xs,139.6410480993255
klad,2011,cs,xs,133.3802212881431
klad,2008,cc,xs,162.97962745404334
klad,2017,cs,xs,104.76811016823905
klad,2017,cc,xs,107.36593950822568
klad,2004,cs,xs,142.06461311705038
klad,2008,cs,xs,133.19699150230977
masa,2001,cc,xs,101.07220630716623
masa,2004,cc,xs,138.82965849449982
masa,2009,cc,xs,96.61213859461654
masa,2019,cc,xs,90.53707843176622
masa,2014,cc,xs,129.86786378170027
masa,2000,cc,xs,108.46224035555647
masa,2008,cc,xs,133.5312862223439
masa,2019,cs,xs,100.51465728513317
masa,2000,cs,xs,79.32532824558258
masa,2004,cs,xs,131.00975985055925
masa,2008,cs,xs,123.99861212016393
masa,2009,cs,xs,120.85094712020397
masa,2003,cc,xs,87.54242470055212
masa,2001,cs,xs,98.35904358172776
masa,2014,cs,xs,116.3215846073571
masa,2010,cc,xs,129.30879569374727
masa,2017,cc,xs,115.93012418654557
masa,2006,cc,xs,87.68555764029746
masa,2013,cc,xs,129.57404414637415
masa,2011,cc,xs,85.78796064656217
masa,2016,cc,xs,119.667785107959
masa,2010,cs,xs,99.28188350949067
masa,2017,cs,xs,111.51917705893159
masa,2013,cs,xs,114.25321803488227
masa,2018,cc,xs,98.40557973421008
masa,2011,cs,xs,114.94604796643611
masa,2016,cs,xs,103.81902928516615
masa,2003,cs,xs,133.3799866955362
masa,2015,cc,xs,114.99397192666424
masa,2018,cs,xs,115.35702412960502
masa,2007,cc,xs,132.89728656512386
masa,2007,cs,xs,142.6237386253024
masa,2006,cs,xs,112.39852575611015
masa,2012,cs,xs,103.44295487585282
masa,2002,cc,xs,115.5015385018933
masa,2012,cc,xs,109.36195986713298
masa,2015,cs,xs,113.23518180825447
masa,2002,cs,xs,114.94944950618174
masa,2005,cc,xs,138.74591361099775
masa,2005,cs,xs,161.1797045540002
rand,2001,cs,xs,56.58149319196553
rand,2001,cc,xs,69.95733332452268
rand,2013,cs,xs,101.36310781210457
rand,2004,cc,xs,119.40797648336894
rand,2013,cc,xs,96.91581940750463
rand,2010,cs,xs,105.33763453278836
rand,2010,cc,xs,126.70958275317906
rand,2018,cc,xs,103.78875698259353
rand,2002,cc,xs,79.07891131484043
rand,2018,cs,xs,111.22523792177516
rand,2019,cc,xs,102.56036867358928
rand,2019,cs,xs,113.22886240928446
rand,2000,cc,xs,81.35927771762042
rand,2017,cs,xs,100.7082965831844
rand,2004,cs,xs,113.751577611211
rand,2000,cs,xs,98.86582186139984
rand,2003,cc,xs,95.71039635811353
rand,2006,cs,xs,110.20750035000594
rand,2011,cs,xs,101.81228140696041
rand,2003,cs,xs,123.20491822859067
rand,2011,cc,xs,97.68651679282858
rand,2009,cc,xs,129.65812842979892
rand,2009,cs,xs,112.28510425056896
rand,2006,cc,xs,115.79726924812465
rand,2002,cs,xs,98.7788864172707
rand,2008,cc,xs,102.52226336059715
rand,2014,cc,xs,138.45249036140552
rand,2017,cc,xs,96.01365366965689
rand,2014,cs,xs,133.5719983169333
rand,2016,cs,xs,103.14158838298036
rand,2015,cs,xs,107.846849805613
rand,2015,cc,xs,136.2391520639301
rand,2005,cc,xs,118.40982151789186
rand,2008,cs,xs,112.97897859845776
rand,2016,cc,xs,106.25606781557318
rand,2012,cc,xs,106.60068956662204
rand,2012,cs,xs,120.75312269214353
rand,2007,cs,xs,133.3359129205997
rand,2007,cc,xs,139.46078473051853
rand,2005,cs,xs,100.99402043226269
suth,2012,cc,xs,77.04140870276528
suth,2012,cs,xs,99.87496408651964
suth,2001,cc,xs,103.71795534420013
suth,2001,cs,xs,100.71965072318781
suth,2006,cc,xs,112.99717193933691
suth,2006,cs,xs,107.8303069836295
suth,2007,cs,xs,163.84713126680484
suth,2007,cc,xs,156.12784785110065
suth,2014,cc,xs,153.38751067383265
suth,2014,cs,xs,141.1787189250861
suth,2003,cc,xs,151.05693456654794
suth,2003,cs,xs,165.5410970697817
suth,2002,cs,xs,154.5311548271516
suth,2002,cc,xs,162.77268390234178
suth,2015,cc,xs,158.02469440495926
suth,2015,cs,xs,150.79459087631705
suth,2000,cc,xs,159.30372905915306
suth,2000,cs,xs,143.06707814242196
suth,2016,cc,xs,144.62350868122937
suth,2016,cs,xs,158.5609185383784
suth,2018,cc,xs,152.64469709122096
suth,2018,cs,xs,155.7828269851551
suth,2005,cc,xs,167.27510088984357
suth,2005,cs,xs,122.51912968036511
suth,2019,cc,xs,144.8203983199375
suth,2019,cs,xs,170.66739074017244
suth,2013,cc,xs,150.378698660549
suth,2013,cs,xs,169.96295797472726
suth,2011,cc,xs,150.294328326603
suth,2011,cs,xs,179.40471543776633
suth,2010,cc,xs,189.2803888003362
suth,2010,cs,xs,175.6053185406389
suth,2008,cc,xs,171.15643682419258
suth,2008,cs,xs,171.18984074504831
suth,2004,cc,xs,176.48122108155468
suth,2004,cs,xs,181.42893294734787
suth,2017,cs,xs,174.3214776301982
suth,2017,cc,xs,163.88590305460244
suth,2009,cs,xs,208.56816733279157
suth,2009,cc,xs,196.3797040887082
gent,2012,cc,xs,-41.99666241172183
gent,2012,cs,xs,-41.99666241172183
gent,2009,cc,xs,-41.99666241172183
gent,2009,cs,xs,-41.99666241172183
gent,2005,cc,xs,-41.99666241172183
gent,2001,cs,xs,-41.99666241172183
gent,2001,cc,xs,-41.99666241172183
gent,2019,cc,xs,-41.99666241172183
gent,2019,cs,xs,-41.99666241172183
gent,2016,cc,xs,-41.99666241172183
gent,2007,cc,xs,-41.99666241172183
gent,2010,cc,xs,-41.99666241172183
gent,2014,cs,xs,-41.99666241172183
gent,2010,cs,xs,-41.99666241172183
gent,2014,cc,xs,-41.99666241172183
gent,2013,cs,xs,-41.99666241172183
gent,2016,cs,xs,-41.99666241172183
gent,2005,cs,xs,-41.99666241172183
gent,2015,cc,xs,-41.99666241172183
gent,2013,cc,xs,-41.99666241172183
gent,2015,cs,xs,-41.99666241172183
gent,2018,cc,xs,-41.99666241172183
gent,2006,cc,xs,-41.99666241172183
gent,2003,cc,xs,-41.99666241172183
gent,2006,cs,xs,-41.99666241172183
gent,2011,cs,xs,-41.99666241172183
gent,2002,cc,xs,-41.99666241172183
gent,2004,cc,xs,-41.99666241172183
gent,2002,cs,xs,-41.99666241172183
gent,2007,cs,xs,-41.99666241172183
gent,2000,cs,xs,-41.99666241172183
gent,2000,cc,xs,-41.99666241172183
gent,2018,cs,xs,-41.99666241172183
gent,2004,cs,xs,-41.99666241172183
gent,2008,cc,xs,-41.99666241172183
gent,2003,cs,xs,-41.99666241172183
gent,2008,cs,xs,-41.99666241172183
gent,2011,cc,xs,-41.99666241172183
gent,2017,cs,xs,-41.99666241172183
gent,2017,cc,xs,-41.99666241172183
gilm,2001,cc,xs,-41.99666241172183
gilm,2001,cs,xs,-41.99666241172183
gilm,2011,cc,xs,-41.99666241172183
gilm,2013,cc,xs,-41.99666241172183
gilm,2011,cs,xs,-41.99666241172183
gilm,2014,cs,xs,-41.99666241172183
gilm,2013,cs,xs,-41.99666241172183
gilm,2007,cs,xs,-41.99666241172183
gilm,2007,cc,xs,-41.99666241172183
gilm,2014,cc,xs,-41.99666241172183
gilm,2000,cs,xs,-41.99666241172183
gilm,2018,cc,xs,-41.99666241172183
gilm,2018,cs,xs,-41.99666241172183
gilm,2010,cc,xs,-41.99666241172183
gilm,2000,cc,xs,-41.99666241172183
gilm,2006,cs,xs,-41.99666241172183
gilm,2006,cc,xs,-41.99666241172183
gilm,2019,cc,xs,-41.99666241172183
gilm,2019,cs,xs,-41.99666241172183
gilm,2010,cs,xs,-41.99666241172183
gilm,2008,cs,xs,-41.99666241172183
gilm,2016,cs,xs,-41.99666241172183
gilm,2002,cc,xs,-41.99666241172183
gilm,2012,cs,xs,-41.99666241172183
gilm,2012,cc,xs,-41.99666241172183
gilm,2015,cc,xs,-41.99666241172183
gilm,2016,cc,xs,-41.99666241172183
gilm,2002,cs,xs,-41.99666241172183
gilm,2015,cs,xs,-41.99666241172183
gilm,2008,cc,xs,-41.99666241172183
gilm,2005,cc,xs,-41.99666241172183
gilm,2005,cs,xs,-41.99666241172183
gilm,2003,cs,xs,-41.99666241172183
gilm,2003,cc,xs,-41.99666241172183
gilm,2004,cs,xs,-41.99666241172183
gilm,2004,cc,xs,-41.99666241172183
gilm,2009,cs,xs,-41.99666241172183
gilm,2009,cc,xs,-41.99666241172183
gilm,2017,cs,xs,-41.99666241172183
gilm,2017,cc,xs,-41.99666241172183
gold,2012,cs,xs,-41.99666241172183
gold,2018,cc,xs,-41.99666241172183
gold,2018,cs,xs,-41.99666241172183
gold,2014,cs,xs,-41.99666241172183
gold,2012,cc,xs,-41.99666241172183
gold,2000,cc,xs,-41.99666241172183
gold,2014,cc,xs,-41.99666241172183
gold,2008,cc,xs,-41.99666241172183
gold,2004,cc,xs,-41.99666241172183
gold,2019,cc,xs,-41.99666241172183
gold,2019,cs,xs,-41.99666241172183
gold,2000,cs,xs,-41.99666241172183
gold,2015,cc,xs,-41.99666241172183
gold,2008,cs,xs,-41.99666241172183
gold,2010,cs,xs,-41.99666241172183
gold,2011,cs,xs,-41.99666241172183
gold,2010,cc,xs,-41.99666241172183
gold,2013,cs,xs,-41.99666241172183
gold,2011,cc,xs,-41.99666241172183
gold,2004,cs,xs,-41.99666241172183
gold,2009,cs,xs,-41.99666241172183
gold,2002,cc,xs,-41.99666241172183
gold,2016,cc,xs,-41.99666241172183
gold,2013,cc,xs,-41.99666241172183
gold,2003,cs,xs,-41.99666241172183
gold,2009,cc,xs,-41.99666241172183
gold,2016,cs,xs,-41.99666241172183
gold,2015,cs,xs,-41.99666241172183
gold,2002,cs,xs,-41.99666241172183
gold,2006,cc,xs,-41.99666241172183
gold,2005,cc,xs,-41.99666241172183
gold,2003,cc,xs,-41.99666241172183
gold,2006,cs,xs,-41.99666241172183
gold,2017,cs,xs,-41.99666241172183
gold,2017,cc,xs,-41.99666241172183
gold,2005,cs,xs,-41.99666241172183
gold,2001,cs,xs,-41.99666241172183
gold,2001,cc,xs,-41.99666241172183
gold,2007,cs,xs,-41.99666241172183
gold,2007,cc,xs,-41.99666241172183
hoff,2005,cs,xs,-41.99666241172183
hoff,2005,cc,xs,-41.99666241172183
hoff,2007,cs,xs,-41.99666241172183
hoff,2002,cs,xs,-41.99666241172183
hoff,2003,cc,xs,-41.99666241172183
hoff,2019,cs,xs,-41.99666241172183
hoff,2002,cc,xs,-41.99666241172183
hoff,2016,cc,xs,-41.99666241172183
hoff,2010,cs,xs,-41.99666241172183
hoff,2016,cs,xs,-41.99666241172183
hoff,2013,cc,xs,-41.99666241172183
hoff,2013,cs,xs,-41.99666241172183
hoff,2003,cs,xs,-41.99666241172183
hoff,2019,cc,xs,-41.99666241172183
hoff,2007,cc,xs,-41.99666241172183
hoff,2011,cs,xs,-41.99666241172183
hoff,2010,cc,xs,-41.99666241172183
hoff,2001,cs,xs,-41.99666241172183
hoff,2006,cs,xs,-41.99666241172183
hoff,2014,cc,xs,-41.99666241172183
hoff,2018,cc,xs,-41.99666241172183
hoff,2015,cs,xs,-41.99666241172183
hoff,2015,cc,xs,-41.99666241172183
hoff,2006,cc,xs,-41.99666241172183
hoff,2001,cc,xs,-41.99666241172183
hoff,2018,cs,xs,-41.99666241172183
hoff,2014,cs,xs,-41.99666241172183
hoff,2017,cc,xs,-41.99666241172183
hoff,2000,cc,xs,-41.99666241172183
hoff,2000,cs,xs,-41.99666241172183
hoff,2009,cs,xs,-41.99666241172183
hoff,2011,cc,xs,-41.99666241172183
hoff,2017,cs,xs,-41.99666241172183
hoff,2004,cs,xs,-41.99666241172183
hoff,2009,cc,xs,-41.99666241172183
hoff,2008,cs,xs,-41.99666241172183
hoff,2008,cc,xs,-41.99666241172183
hoff,2004,cc,xs,-41.99666241172183
hugg,2004,cs,xs,-41.99666241172183
hugg,2004,cc,xs,-41.99666241172183
hugg,2006,cc,xs,-41.99666241172183
hugg,2012,cs,xs,-41.99666241172183
hugg,2012,cc,xs,-41.99666241172183
hugg,2006,cs,xs,-41.99666241172183
hugg,2007,cc,xs,-41.99666241172183
hugg,2007,cs,xs,-41.99666241172183
hugg,2014,cc,xs,-41.99666241172183
hugg,2013,cs,xs,-41.99666241172183
hugg,2014,cs,xs,-41.99666241172183
hugg,2003,cs,xs,-41.99666241172183
hugg,2013,cc,xs,-41.99666241172183
hugg,2017,cc,xs,-41.99666241172183
hugg,2017,cs,xs,-41.99666241172183
hugg,2003,cc,xs,-41.99666241172183
hugg,2010,cc,xs,-41.99666241172183
hugg,2016,cs,xs,-41.99666241172183
hugg,2008,cs,xs,-41.99666241172183
hugg,2008,cc,xs,-41.99666241172183
hugg,2016,cc,xs,-41.99666241172183
hugg,2019,cs,xs,-41.99666241172183
hugg,2010,cs,xs,-41.99666241172183
hugg,2002,cc,xs,-41.99666241172183
hugg,2018,cc,xs,-41.99666241172183
hugg,2002,cs,xs,-41.99666241172183
hugg,2018,cs,xs,-41.99666241172183
hugg,2001,cs,xs,-41.99666241172183
hugg,2011,cs,xs,-41.99666241172183
hugg,2011,cc,xs,-41.99666241172183
hugg,2001,cc,xs,-41.99666241172183
hugg,2009,cc,xs,-41.99666241172183
hugg,2005,cs,xs,-41.99666241172183
hugg,2019,cc,xs,-41.99666241172183
hugg,2009,cs,xs,-41.99666241172183
hugg,2015,cc,xs,-41.99666241172183
hugg,2005,cc,xs,-41.99666241172183
hugg,2000,cc,xs,-41.99666241172183
hugg,2015,cs,xs,-41.99666241172183
hugg,2000,cs,xs,-41.99666241172183
klad,2005,cs,xs,-41.99666241172183
klad,2001,cc,xs,-41.99666241172183
klad,2001,cs,xs,-41.99666241172183
klad,2009,cc,xs,-41.99666241172183
klad,2016,cc,xs,-41.99666241172183
klad,2006,cs,xs,-41.99666241172183
klad,2015,cc,xs,-41.99666241172183
klad,2019,cc,xs,-41.99666241172183
klad,2013,cc,xs,-41.99666241172183
klad,2015,cs,xs,-41.99666241172183
klad,2016,cs,xs,-41.99666241172183
klad,2019,cs,xs,-41.99666241172183
klad,2014,cc,xs,-41.99666241172183
klad,2003,cs,xs,-41.99666241172183
klad,2009,cs,xs,-41.99666241172183
klad,2014,cs,xs,-41.99666241172183
klad,2013,cs,xs,-41.99666241172183
klad,2005,cc,xs,-41.99666241172183
klad,2003,cc,xs,-41.99666241172183
klad,2000,cc,xs,-41.99666241172183
klad,2018,cc,xs,-41.99666241172183
klad,2007,cs,xs,-41.99666241172183
klad,2006,cc,xs,-41.99666241172183
klad,2000,cs,xs,-41.99666241172183
klad,2002,cs,xs,-41.99666241172183
klad,2002,cc,xs,-41.99666241172183
klad,2007,cc,xs,-41.99666241172183
klad,2018,cs,xs,-41.99666241172183
klad,2010,cc,xs,-41.99666241172183
klad,2010,cs,xs,-41.99666241172183
klad,2012,cs,xs,-41.99666241172183
klad,2011,cc,xs,-41.99666241172183
klad,2012,cc,xs,-41.99666241172183
klad,2004,cc,xs,-41.99666241172183
klad,2011,cs,xs,-41.99666241172183
klad,2008,cc,xs,-41.99666241172183
klad,2017,cs,xs,-41.99666241172183
klad,2017,cc,xs,-41.99666241172183
klad,2004,cs,xs,-41.99666241172183
klad,2008,cs,xs,-41.99666241172183
masa,2001,cc,xs,-41.99666241172183
masa,2004,cc,xs,-41.99666241172183
masa,2009,cc,xs,-41.99666241172183
masa,2019,cc,xs,-41.99666241172183
masa,2014,cc,xs,-41.99666241172183
masa,2000,cc,xs,-41.99666241172183
masa,2008,cc,xs,-41.99666241172183
masa,2019,cs,xs,-41.99666241172183
masa,2000,cs,xs,-41.99666241172183
masa,2004,cs,xs,-41.99666241172183
masa,2008,cs,xs,-41.99666241172183
masa,2009,cs,xs,-41.99666241172183
masa,2003,cc,xs,-41.99666241172183
masa,2001,cs,xs,-41.99666241172183
masa,2014,cs,xs,-41.99666241172183
masa,2010,cc,xs,-41.99666241172183
masa,2017,cc,xs,-41.99666241172183
masa,2006,cc,xs,-41.99666241172183
masa,2013,cc,xs,-41.99666241172183
masa,2011,cc,xs,-41.99666241172183
masa,2016,cc,xs,-41.99666241172183
masa,2010,cs,xs,-41.99666241172183
masa,2017,cs,xs,-41.99666241172183
masa,2013,cs,xs,-41.99666241172183
masa,2018,cc,xs,-41.99666241172183
masa,2011,cs,xs,-41.99666241172183
masa,2016,cs,xs,-41.99666241172183
masa,2003,cs,xs,-41.99666241172183
masa,2015,cc,xs,-41.99666241172183
masa,2018,cs,xs,-41.99666241172183
masa,2007,cc,xs,-41.99666241172183
masa,2007,cs,xs,-41.99666241172183
masa,2006,cs,xs,-41.99666241172183
masa,2012,cs,xs,-41.99666241172183
masa,2002,cc,xs,-41.99666241172183
masa,2012,cc,xs,-41.99666241172183
masa,2015,cs,xs,-41.99666241172183
masa,2002,cs,xs,-41.99666241172183
masa,2005,cc,xs,-41.99666241172183
masa,2005,cs,xs,-41.99666241172183
rand,2001,cs,xs,-41.99666241172183
rand,2001,cc,xs,-41.99666241172183
rand,2013,cs,xs,-41.99666241172183
rand,2004,cc,xs,-41.99666241172183
rand,2013,cc,xs,-41.99666241172183
rand,2010,cs,xs,-41.99666241172183
rand,2010,cc,xs,-41.99666241172183
rand,2018,cc,xs,-41.99666241172183
rand,2002,cc,xs,-41.99666241172183
rand,2018,cs,xs,-41.99666241172183
rand,2019,cc,xs,-41.99666241172183
rand,2019,cs,xs,-41.99666241172183
rand,2000,cc,xs,-41.99666241172183
rand,2017,cs,xs,-41.99666241172183
rand,2004,cs,xs,-41.99666241172183
rand,2000,cs,xs,-41.99666241172183
rand,2003,cc,xs,-41.99666241172183
rand,2006,cs,xs,-41.99666241172183
rand,2011,cs,xs,-41.99666241172183
rand,2003,cs,xs,-41.99666241172183
rand,2011,cc,xs,-41.99666241172183
rand,2009,cc,xs,-41.99666241172183
rand,2009,cs,xs,-41.99666241172183
rand,2006,cc,xs,-41.99666241172183
rand,2002,cs,xs,-41.99666241172183
rand,2008,cc,xs,-41.99666241172183
rand,2014,cc,xs,-41.99666241172183
rand,2017,cc,xs,-41.99666241172183
rand,2014,cs,xs,-41.99666241172183
rand,2016,cs,xs,-41.99666241172183
rand,2015,cs,xs,-41.99666241172183
rand,2015,cc,xs,-41.99666241172183
rand,2005,cc,xs,-41.99666241172183
rand,2008,cs,xs,-41.99666241172183
rand,2016,cc,xs,-41.99666241172183
rand,2012,cc,xs,-41.99666241172183
rand,2012,cs,xs,-41.99666241172183
rand,2007,cs,xs,-41.99666241172183
rand,2007,cc,xs,-41.99666241172183
rand,2005,cs,xs,-41.99666241172183
suth,2012,cc,xs,-41.99666241172183
suth,2012,cs,xs,-41.99666241172183
suth,2001,cc,xs,-41.99666241172183
suth,2001,cs,xs,-41.99666241172183
suth,2006,cc,xs,-41.99666241172183
suth,2006,cs,xs,-41.99666241172183
suth,2007,cs,xs,-41.99666241172183
suth,2007,cc,xs,-41.99666241172183
suth,2014,cc,xs,-41.99666241172183
suth,2014,cs,xs,-41.99666241172183
suth,2003,cc,xs,-41.99666241172183
suth,2003,cs,xs,-41.99666241172183
suth,2002,cs,xs,-41.99666241172183
suth,2002,cc,xs,-41.99666241172183
suth,2015,cc,xs,-41.99666241172183
suth,2015,cs,xs,-41.99666241172183
suth,2000,cc,xs,-41.99666241172183
suth,2000,cs,xs,-41.99666241172183
suth,2016,cc,xs,-41.99666241172183
suth,2016,cs,xs,-41.99666241172183
suth,2018,cc,xs,-41.99666241172183
suth,2018,cs,xs,-41.99666241172183
suth,2005,cc,xs,-41.99666241172183
suth,2005,cs,xs,-41.99666241172183
suth,2019,cc,xs,-41.99666241172183
suth,2019,cs,xs,-41.99666241172183
suth,2013,cc,xs,-41.99666241172183
suth,2013,cs,xs,-41.99666241172183
suth,2011,cc,xs,-41.99666241172183
suth,2011,cs,xs,-41.99666241172183
suth,2010,cc,xs,-41.99666241172183
suth,2010,cs,xs,-41.99666241172183
suth,2008,cc,xs,-41.99666241172183
suth,2008,cs,xs,-41.99666241172183
suth,2004,cc,xs,-41.99666241172183
suth,2004,cs,xs,-41.99666241172183
suth,2017,cs,xs,-41.99666241172183
suth,2017,cc,xs,-41.99666241172183
suth,2009,cs,xs,-41.99666241172183
suth,2009,cc,xs,-41.99666241172183
